Target (OIS)	Target (OIS) Error	Target (LIBOR)	Target (LIBOR) Error	Caplet Vola Analytic Single-Curve	Caplet Vola Analytic Single-Curve Error	Caplet Vola Monte-Carlo Single-Curve	Caplet Vola Monte-Carlo Single-Curve Error	Caplet Vola Analytic Multi-Curve Fenton-Wilkinson	Caplet Vola Analytic Multi-Curve Fenton-Wilkinson Error	Caplet Vola Analytic Multi-Curve Ju	Caplet Vola Analytic Multi-Curve Ju Error	Caplet Vola Analytic Multi-Curve Ho	Caplet Vola Analytic Multi-Curve Ho Error	Caplet Vola Analytic Multi-Curve Drift-Freeze	Caplet Vola Analytic Multi-Curve Drift-Freeze Error	Caplet Vola Analytic Multi-Curve Integrated-Expectation	Caplet Vola Analytic Multi-Curve Integrated-Expectation Error	Caplet Vola Monte-Carlo Multi-Curve	Caplet Vola Monte-Carlo Multi-Curve Error	Caplet Value Analytic Single-Curve	Caplet Value Analytic Single-Curve Error	Caplet Value Monte-Carlo Single-Curve	Caplet Value Monte-Carlo Single-Curve Error	Caplet Value Analytic Multi-Curve Fenton-Wilkinson	Caplet Value Analytic Multi-Curve Fenton-Wilkinson Error	Caplet Value Analytic Multi-Curve Ju	Caplet Value Analytic Multi-Curve Ju Error	Caplet Value Analytic Multi-Curve Ho	Caplet Value Analytic Multi-Curve Ho Error	Caplet Value Analytic Multi-Curve Drift-Freeze	Caplet Value Analytic Multi-Curve Drift-Freeze Error	Caplet Value Analytic Multi-Curve Integrated-Expectation	Caplet Value Analytic Multi-Curve Integrated-Expectation Error	Caplet Value Monte-Carlo Multi-Curve	Caplet Value Monte-Carlo Multi-Curve Error	Swaption Vola Analytic Single-Curve	Swaption Vola Analytic Single-Curve Error	Swaption Vola Monte-Carlo Single-Curve	Swaption Vola Monte-Carlo Single-Curve Error	Swaption Vola Analytic Multi-Curve Drift-Freeze	Swaption Vola Analytic Multi-Curve Drift-Freeze Error	Swaption Vola Analytic Multi-Curve Integrated-Expectation	Swaption Vola Analytic Multi-Curve Integrated-Expectation Error	Swaption Vola Monte-Carlo Multi-Curve	Swaption Vola Monte-Carlo Multi-Curve Error	Swaption Value Analytic Single-Curve	Swaption Value Analytic Single-Curve Error	Swaption Value Monte-Carlo Single-Curve	Swaption Value Monte-Carlo Single-Curve Error	Swaption Value Analytic Multi-Curve Drift-Freeze	Swaption Value Analytic Multi-Curve Drift-Freeze Error	Swaption Value Analytic Multi-Curve Integrated-Expectation	Swaption Value Analytic Multi-Curve Integrated-Expectation Error	Swaption Value Monte-Carlo Multi-Curve	Swaption Value Monte-Carlo Multi-Curve Error	Swaption Exercise Date	Swaption Exercise Date Error	Swaption Number Of Periods	Swaption Number Of Periods Error	Numeraire Single-Curve	Numeraire Single-Curve Error	Discount Single-Curve	Discount Single-Curve Error	OIS Spot Rate Single-Curve	OIS Spot Rate Single-Curve Error	Numeraire Multi-Curve	Numeraire Multi-Curve Error	OIS Spot Rate Multi-Curve	OIS Spot Rate Multi-Curve Error	LIBOR Spot Rate Multi-Curve	LIBOR Spot Rate Multi-Curve Error	OIS Forward Rate Multi-Curve	OIS Forward Rate Multi-Curve Error	LIBOR Forward Rate Multi-Curve	LIBOR Forward Rate Multi-Curve Error	Time	Time Error	
88.64670831983395	0.0	93.86122057394182	0.0	90.03019141928904	0.0	90.0474075556382	0.0	141.7472832780925	0.0	NaN	0.0	138.76355141203587	0.0	88.1886916310348	0.0	88.1886916310348	0.0	88.6038125293332	0.0	5.001471047263261E-4	0.0	5.002395584531138E-4	2.2152422035539983E-5	0.054898551450031016	0.0	NaN	0.0	0.053483729640519104	0.0	0.01159594529004157	0.0	0.01159594529004157	0.0	0.011648771502779437	5.13086357542795E-4	91.29396388901073	0.0	92.39807841391455	0.0	89.55780730686828	0.0	89.55333729663676	0.0	88.61618241605599	0.0	0.00141115168683552	0.0	0.0014270453674213434	7.882630269491359E-5	0.0341843358030956	0.0	0.03418274060694118	0.0	0.03384795003851464	0.0018628858200872335	1.0	0.0	2.0	0.0	99.9365	0.0	100.06354034812107	0.0	-0.13484923106854085	5.64732593893638E-5	99.9365	0.0	-0.1348411655983208	5.716989132897564E-5	-0.043946300295096365	0.0013071620342105885	-0.13484887037037038	0.0	-0.0442359090909091	0.0	0.5	0.0	
91.21447980813991	0.0	96.58003744391286	0.0	90.98121669111904	0.0	92.0414954120305	0.0	2.4153525968697876E228	0.0	NaN	0.0	17.7795112840901	0.0	89.17424905823962	0.0	89.17424905823962	0.0	88.2490313522723	0.0	7.030631407770789E-4	0.0	7.10697528001806E-4	3.912833526158487E-5	0.06590063919534865	0.0	NaN	0.0	0.06309613197334858	0.0	0.01682579199309877	0.0	0.01682579199309877	0.0	0.016662314676705557	9.130832190149417E-4	86.18743055003563	0.0	87.24587804504604	0.0	84.56462499110631	0.0	84.5340563269796	0.0	84.12800297712339	0.0	0.004017461100010549	0.0	0.0040637663954429274	2.1708121775008404E-4	0.09928309677366429	0.0	0.09924929474533183	0.0	0.09880008467360166	0.005245409798501086	1.0	0.0	6.0	0.0	99.86911839923842	2.820062683658803E-5	100.13105314514914	0.0	-0.1414248015909978	9.134677070244826E-5	99.86911839973266	2.854859854943941E-5	-0.1414484023058794	9.150644139846415E-5	-0.04811613937023898	0.0021404640489540746	-0.14144487242798356	0.0	-0.04790545454545454	0.0	1.0	0.0	
92.87563900635682	0.0	98.33891188908369	0.0	91.20435073390173	0.0	92.32916590069028	0.0	28.25867539109591	0.0	NaN	0.0	38.82132275886645	0.0	89.43198145913621	0.0	89.43198145913621	0.0	88.89922285133476	0.0	8.493413675549011E-4	0.0	8.587534883902155E-4	5.6513236329055574E-5	0.07447252907752108	0.0	NaN	0.0	0.07004258439531225	0.0	0.020811016018706174	0.0	0.020811016018706174	0.0	0.020698847945966943	0.00132377751807022	77.6652161339316	0.0	78.45276108847091	0.0	76.49458335523404	0.0	76.37085152538975	0.0	76.3696875550255	0.0	0.006077161032220753	0.0	0.006135704318097967	3.09278668602994E-4	0.14733489083180695	0.0	0.14710794200980531	0.0	0.14710580680160987	0.007382417913960468	1.0	0.0	10.0	0.0	99.7984886187684	6.716123482622828E-5	100.20191838296273	0.0	-0.14668927636506465	1.2578298537509137E-4	99.79848862061131	6.770708319682445E-5	-0.1467056139532469	1.2574005780440224E-4	-0.05104704853374752	0.0029667671654970648	-0.1467120925925926	0.0	-0.050951363636363635	0.0	1.5	0.0	
93.7794835217264	0.0	99.29592372888678	0.0	90.88815466739773	0.0	90.4152956676714	0.0	56.31643686693471	0.0	NaN	0.0	39.325053694582216	0.0	89.14722063214597	0.0	89.14722063214597	0.0	90.2869074423332	0.0	9.624985032300632E-4	0.0	9.581385131774171E-4	7.359427241212037E-5	0.08124403196703284	0.0	NaN	0.0	0.07503810438575266	0.0	0.023957709505699455	0.0	0.023957709505699455	0.0	0.0242248499194328	0.0018504850468241195	69.59892566364547	0.0	70.09449788655168	0.0	70.06571697648874	0.0	69.82861328101339	0.0	69.97605026476667	0.0	0.0076715283835375216	0.0	0.007723960464092931	3.7015440950929283E-4	0.1742458528857593	0.0	0.17367981449717418	0.0	0.1740318188643995	0.008416601113533708	1.0	0.0	14.000000000000002	0.0	99.72528063645308	1.1919943965289214E-4	100.27547650793372	0.0	-0.15058020638182856	1.591983812080973E-4	99.72528064025138	1.1983442230919919E-4	-0.15056140544821278	1.6318899165636286E-4	-0.05255614888704061	0.003994984543154104	-0.15057461728395063	0.0	-0.05331636363636363	0.0	2.0	0.0	
94.05510607557383	0.0	99.58775937413701	0.0	90.18313364738206	0.0	89.31068094586063	0.0	64.75610176982852	0.0	NaN	0.0	51.82070705426261	0.0	88.46808731876799	0.0	88.46808731876799	0.0	88.42838765038734	0.0	0.0010527441231498224	0.0	0.0010441501845607458	9.20683523614352E-5	0.08642083824966224	0.0	NaN	0.0	0.07838904515221182	0.0	0.02641662608224597	0.0	0.02641662608224597	0.0	0.026406580493360813	0.002380127785668674	62.61652561573426	0.0	62.96964345162348	0.0	66.15508005965548	0.0	65.82537016340157	0.0	66.13369770143113	0.0	0.008916307091289445	0.0	0.00896495445151662	4.1288810274388814E-4	0.18422218149271435	0.0	0.18333679621483107	0.0	0.1841647770673204	0.008758839510141787	1.0	0.0	18.0	0.0	99.65020063884205	1.8281496318326153E-4	100.35102809618188	0.0	-0.15297046607743273	1.9518891515931994E-4	99.65020066120826	1.852421038150368E-4	-0.15296676438824955	2.0156683727537685E-4	-0.05479599538134939	0.005022812911748053	-0.15295653292181072	0.0	-0.054943181818181815	0.0	2.5	0.0	
93.81388797479146	0.0	99.3323519733086	0.0	89.20677633292188	0.0	87.71054494940435	0.0	68.6442451718075	0.0	NaN	0.0	56.02026866392927	0.0	87.51020158809499	0.0	87.51020158809499	0.0	88.42380092086894	0.0	0.0011260858890739763	0.0	0.0011105888357763585	1.089309285109905E-4	0.09009750505401505	0.0	NaN	0.0	0.08027930696013996	0.0	0.02826884990488468	0.0	0.02826884990488468	0.0	0.028510947902420786	0.002892836450909748	57.03843665437584	0.0	57.38093560011155	0.0	63.6843509038797	0.0	63.261325810364156	0.0	63.73975760340068	0.0	0.009962373063616685	0.0	0.010020575603851015	4.4708699795654875E-4	0.18835479829478263	0.0	0.18714495667045314	0.0	0.1885131999001307	0.008896919866151907	1.0	0.0	22.0	0.0	99.57399073173117	2.5850581329067403E-4	100.4278335623346	0.0	-0.15380909703757653	2.280908813238734E-4	99.5739907803958	2.622376607620077E-4	-0.15373231105192328	3.052613697708769E-4	-0.05510049016372618	0.006020881450941436	-0.15378192592592593	0.0	-0.05577454545454546	0.0	3.0	0.0	
93.15170098672377	0.0	98.63121280947223	0.0	88.04926835779814	0.0	86.27658832528576	0.0	70.62169858082596	0.0	NaN	0.0	57.77801450353537	0.0	86.3621226087916	0.0	86.3621226087916	0.0	85.80286137356356	0.0	0.00118656158583976	0.0	0.0011674731574742578	1.3248915721771743E-4	0.09232474215046732	0.0	NaN	0.0	0.08083068459749673	0.0	0.0295668618763844	0.0	0.0295668618763844	0.0	0.0294132141370728	0.0036456512995337326	47.78133401656902	0.0	48.30268478212471	0.0	60.51505598302157	0.0	60.04608701327202	0.0	60.79740974661717	0.0	0.013151099420242817	0.0	0.013291840131613613	5.508593604293184E-4	0.1910434798336753	0.0	0.18960708856894795	0.0	0.19190780200663846	0.00899762098599151	1.0	0.0	26.0	0.0	99.49742861286171	3.43265626912524E-4	100.50511291147926	0.0	-0.15300842365081355	2.7378474496800217E-4	99.49742909260422	3.703364209507405E-4	-0.1529565799421476	3.106866177288885E-4	-0.055902312015204896	0.007473621125156736	-0.15297488271604942	0.0	-0.05575318181818182	0.0	3.5000000000000004	0.0	
92.15085053495298	0.0	97.57148880171492	0.0	86.77884094738627	0.0	86.26414138075612	0.0	71.58317247145885	0.0	NaN	0.0	58.36534895684915	0.0	85.09045692638175	0.0	85.09045692638175	0.0	83.15364728829363	0.0	0.0012370635084244738	0.0	0.00123137739779198	1.5057518782913697E-4	0.09312975101628267	0.0	NaN	0.0	0.08012424425746646	0.0	0.030347557863511506	0.0	0.030347557863511506	0.0	0.029803554954346823	0.004091254049685668	42.55887797426712	0.0	43.00034965282051	0.0	56.915856959771475	0.0	56.38550288116253	0.0	57.43780264667171	0.0	0.018377979629973118	0.0	0.018565713683166316	7.25847330831979E-4	0.19338463689428886	0.0	0.19163009972825004	0.0	0.19511006493095742	0.009084221745105004	1.0	0.0	30.0	0.0	99.42132751747232	4.4176611078446907E-4	100.58204554458186	0.0	-0.15046594552711703	3.091891392968137E-4	99.42132857770974	4.879112733242371E-4	-0.150455677541135	3.3029045975306647E-4	-0.055729869549775574	0.008335110879614666	-0.15045948971193415	0.0	-0.05482181818181819	0.0	4.0	0.0	
90.8817895091313	0.0	96.22777712731548	0.0	85.44639929921793	0.0	80.54609902711167	0.0	71.95145467775535	0.0	NaN	0.0	58.301921767009965	0.0	83.74424922893945	0.0	83.74424922893945	0.0	82.33883030837646	0.0	0.001279733329835605	0.0	0.0012230250864223064	1.557885101154684E-4	0.09252408404605048	0.0	NaN	0.0	0.07821228915095615	0.0	0.030637558394030387	0.0	0.030637558394030387	0.0	0.030242350420349652	0.004236588202429805	39.24293030302402	0.0	39.58659209480767	0.0	53.771564049343326	0.0	53.18812799787551	0.0	54.481996411713155	0.0	0.023137859703917855	0.0	0.023337863833488848	8.857371020974622E-4	0.19557228023103634	0.0	0.19350009685956937	0.0	0.1980933198834413	0.009163689286422427	1.0	0.0	34.0	0.0	99.34653584479553	5.515709744898751E-4	100.65777012822703	0.0	-0.14626948355311056	3.1927868748267375E-4	99.3465372598805	6.012069184117338E-4	-0.146174885139128	3.823965205609329E-4	-0.05352766859722356	0.008613012210843615	-0.14615983333333332	0.0	-0.05292318181818182	0.0	4.5	0.0	
89.40462874935889	0.0	94.66372455814471	0.0	84.0893645391864	0.0	78.62527504516063	0.0	71.96226109391007	0.0	NaN	0.0	57.85139887537264	0.0	82.35854983170407	0.0	82.35854983170407	0.0	78.63620639880976	0.0	0.0013161875061357012	0.0	0.0012512138124111034	1.7112078532997466E-4	0.09050755885584448	0.0	NaN	0.0	0.07512711897417758	0.0	0.030455934903368655	0.0	0.030455934903368655	0.0	0.02940666375360536	0.00404726593194132	86.9874944521309	0.0	85.02858697228257	0.0	85.34924448464474	0.0	85.32693871196506	0.0	84.38920245434679	0.0	0.002351203268222595	0.0	0.00230862905213467	2.5364495194880264E-4	0.0581396030397105	0.0	0.05812737000830498	0.0	0.057611251657800656	0.00678712722838469	3.5000000000000004	0.0	2.0	0.0	99.27393674942131	6.591160280692175E-4	100.7313845401061	0.0	-0.1401280280205637	3.490818273714769E-4	99.2739390869751	7.273128592451898E-4	-0.1400706036345948	3.833915986709125E-4	-0.05194290970928724	0.008232484257178999	-0.14	0.0	-0.05	0.0	5.0	0.0	
87.77046738293882	0.0	92.93343605252346	0.0	82.73478204878157	0.0	78.82809308532323	0.0	71.7387808079841	0.0	NaN	0.0	57.06190652943089	0.0	80.94457310321148	0.0	80.94457310321148	0.0	78.55979579684804	0.0	0.001347655453862991	0.0	0.0013005751745933706	2.0526415759784906E-4	0.08649571870470267	0.0	NaN	0.0	0.0703601171542356	0.0	0.0295950306794597	0.0	0.0295950306794597	0.0	0.02894642739532316	0.00418695780597443	80.18772208693363	0.0	78.28783583608579	0.0	78.86831679095908	0.0	78.58358117007461	0.0	77.28511429990891	0.0	0.00661154535722654	0.0	0.0064812740088749715	6.197811990905013E-4	0.15324304656645485	0.0	0.15278262973566645	0.0	0.15067159511546663	0.015049529582060269	3.5000000000000004	0.0	6.0	0.0	99.20444899441144	7.705493631529692E-4	100.80194590223768	0.0	-0.13115113101853781	4.155235867517944E-4	99.20445233500249	8.538692315068953E-4	-0.13115943373373623	4.519328498981451E-4	-0.04697720927040945	0.008487393038710397	-0.1310633879781421	0.0	-0.04580981818181819	0.0	5.5	0.0	
86.0225636213132	0.0	91.08271442256692	0.0	81.40179205621348	0.0	77.35870126411366	0.0	71.35959427166844	0.0	NaN	0.0	55.942188782587834	0.0	79.50567083908156	0.0	79.50567083908156	0.0	79.07214966323325	0.0	0.0013750812695357817	0.0	0.0013253654147586636	2.3430900972632292E-4	0.0802396875818745	0.0	NaN	0.0	0.06373729893038639	0.0	0.027943701191786924	0.0	0.027943701191786924	0.0	0.02783340691357088	0.005064753139966422	71.11765123494557	0.0	69.90196974960027	0.0	71.60084855168533	0.0	70.74689969845551	0.0	70.24652988249802	0.0	0.00996839089001518	0.0	0.009821124192709264	8.210244281595322E-4	0.20288364559495237	0.0	0.2007990481928133	0.0	0.19957244347856862	0.018012031687117406	3.5000000000000004	0.0	10.0	0.0	99.13944381075548	8.943792688250472E-4	100.86804644176466	0.0	-0.1191241649205371	4.721707894857264E-4	99.13944864997526	9.989227814272879E-4	-0.11919456488895164	4.563447752416286E-4	-0.04040910600775937	0.01017486969591146	-0.11903196383997842	0.0	-0.04036218181818181	0.0	6.0	0.0	
84.19736433420393	0.0	89.15015047151003	0.0	80.10356731176971	0.0	75.71197785693072	0.0	70.89793152212938	0.0	NaN	0.0	54.57390322151638	0.0	78.04865502561786	0.0	78.04865502561786	0.0	77.72451423031325	0.0	0.0013992014530383164	0.0	0.0013441102711266464	2.792981150134519E-4	0.07225736902079254	0.0	NaN	0.0	0.055793817785223764	0.0	0.025672918268457887	0.0	0.025672918268457887	0.0	0.02559690986173155	0.005766603697973189	63.41206020240704	0.0	62.75026718319571	0.0	66.98260075909536	0.0	65.59535835165148	0.0	65.93370654010403	0.0	0.012632398801429658	0.0	0.012515096762085037	9.44411808574223E-4	0.22079861471929052	0.0	0.21677723894471795	0.0	0.21776103209024622	0.01875074031930902	3.5000000000000004	0.0	14.000000000000002	0.0	99.08044707199588	0.0010409105927736983	100.9281148003214	0.0	-0.10482847223011549	5.600637733994196E-4	99.0804524562332	0.0011428662056317215	-0.10495281199605308	4.094807759525574E-4	-0.034005241008501254	0.011523593539200315	-0.1047276664642785	0.0	-0.03397781818181818	0.0	6.5	0.0	
82.32540967656944	0.0	87.1680808340147	0.0	78.84881661412625	0.0	78.2582559523161	0.0	70.40932646966384	0.0	NaN	0.0	53.02136846850425	0.0	76.57121331939258	0.0	76.57121331939258	0.0	74.25257660831839	0.0	0.0014205963077080473	0.0	0.0014132562948245013	3.2344903990914404E-4	0.06308926296044727	0.0	NaN	0.0	0.047072262049944316	0.0	0.022965589719504808	0.0	0.022965589719504808	0.0	0.02246957234860236	0.004216867191359456	56.10134464644262	0.0	55.936243567638996	0.0	63.49234664791362	0.0	61.60200218765773	0.0	62.56332488971742	0.0	0.01534212361644565	0.0	0.015300951059587313	0.0010492126602137121	0.2293295887963338	0.0	0.22323587594429442	0.0	0.22634267350239312	0.019014808123301963	3.5000000000000004	0.0	18.0	0.0	99.02857431102086	0.0012127684554272653	100.98099231873535	0.0	-0.08897680521937991	6.466556021966397E-4	99.02857689843972	0.0012562751855675076	-0.08913739686055784	4.6022597275376624E-4	-0.027884062994557514	0.008457622541491218	-0.08897243472981178	0.0	-0.026977454545454537	0.0	7.000000000000001	0.0	
80.43212722523306	0.0	85.16342882671736	0.0	77.64294099377975	0.0	77.41027674898416	0.0	69.94032330033076	0.0	NaN	0.0	51.35570049903979	0.0	75.06309485971421	0.0	75.06309485971421	0.0	73.82912114370856	0.0	0.0014397279524436285	0.0	0.00143680327601321	3.0320344471638296E-4	0.05329216078432582	0.0	NaN	0.0	0.03811302522161927	0.0	0.020013186730806008	0.0	0.020013186730806008	0.0	0.019782609633150323	0.003478176063592671	47.04804090739819	0.0	47.656938736226806	0.0	58.72212184504595	0.0	56.37058885702753	0.0	58.15536297389038	0.0	0.023432542736172873	0.0	0.023716372146957033	0.001368463459034948	0.2360053657946122	0.0	0.22741625494200726	0.0	0.23394457117082088	0.019202498429255373	3.5000000000000004	0.0	22.0	0.0	98.98453256612427	0.001404973592642182	101.02593493574578	0.0	-0.072584424513633	6.06819247200598E-4	98.98453029413974	0.0013702325074277284	-0.0725814528926616	7.93592472106326E-4	-0.020068384111093518	0.006984526555329643	-0.07258820751534778	0.0	-0.019681818181818175	0.0	7.5	0.0	
78.53852846204599	0.0	83.15844190098987	0.0	76.4889158321833	0.0	76.62088285879143	0.0	69.53378328521778	0.0	NaN	0.0	49.68465465315941	0.0	73.50858684265168	0.0	73.50858684265168	0.0	74.47208886263248	0.0	0.001456968773209783	0.0	0.0014586442507101536	3.3640529179112345E-4	0.043434853681592944	0.0	NaN	0.0	0.029443646884699512	0.0	0.017013502942264266	0.0	0.017013502942264266	0.0	0.01716602812893933	0.003448547334644894	42.694608030466576	0.0	43.36914967425184	0.0	54.05056396717218	0.0	51.2880326600513	0.0	53.905028444670876	0.0	0.03388834979686165	0.0	0.034395252284318924	0.0017998100265272103	0.24226713656215665	0.0	0.23083112814054882	0.0	0.24166831981617481	0.019370711235924723	3.5000000000000004	0.0	26.0	0.0	98.94862094416013	0.0015960034086333085	101.06261470598739	0.0	-0.05638617860856034	6.717309338378313E-4	98.9486178538899	0.0015542379147242826	-0.05628943144803929	9.026659916117238E-4	-0.012084525542211271	0.00689782812442073	-0.05639692369965596	0.0	-0.012411636363636356	0.0	8.0	0.0	
76.66181899786136	0.0	81.17133776244145	0.0	75.38795914257865	0.0	72.27205111982413	0.0	69.2289400540639	0.0	NaN	0.0	48.190519845858866	0.0	71.89429283414503	0.0	71.89429283414503	0.0	70.43400187256944	0.0	0.0014726229212760112	0.0	0.0014315534781604812	2.9051396317568895E-4	0.03409510925362666	0.0	NaN	0.0	0.021564803359802622	0.0	0.014169122490061567	0.0	0.014169122490061567	0.0	0.013969920097780779	0.002423507413719059	39.370502649316066	0.0	39.904090403746586	0.0	50.30315856276213	0.0	47.27448266928051	0.0	50.449028698646245	0.0	0.04246412145193894	0.0	0.043013578276417094	0.0021298535934414844	0.24775345554234862	0.0	0.2338145208292401	0.0	0.24842020696164954	0.019509036415151157	3.5000000000000004	0.0	30.0	0.0	98.92073489224926	0.0017893234580909111	101.09112084713303	0.0	-0.041295165415087084	5.814919961102895E-4	98.92073900294382	0.0018487219410239747	-0.04112569429957009	8.602802446980299E-4	-0.005901844775667899	0.0048661944852955346	-0.04122052216150578	0.0	-0.005487636363636352	0.0	8.5	0.0	
74.81593264732015	0.0	79.21686986186842	0.0	74.34003455409673	0.0	69.04169809907393	0.0	69.04782091615645	0.0	69.03576818221684	0.0	47.154255945181106	0.0	70.2306285126091	0.0	70.2306285126091	0.0	72.236457420526	0.0	0.001486942688555519	0.0	0.0014150025118031147	2.703073785254866E-4	0.02585728830187618	0.0	0.02585543310454181	0.0	0.014929502147760704	0.0	0.011686238662484751	0.0	0.011686238662484751	0.0	0.011910178977519158	0.0021551377686522466	80.0532652190006	0.0	76.30790576696228	0.0	78.13212407308035	0.0	78.09724344205911	0.0	77.87601176164574	0.0	0.0027182421501724305	0.0	0.002624793141766874	4.501422337002729E-4	0.05255426766785456	0.0	0.05253712938249036	0.0	0.05242826609357288	0.009093166721590764	6.0	0.0	2.0	0.0	98.90036195948655	0.001952576783715627	101.11196028613188	0.0	-0.028012925243743884	5.417232905760135E-4	98.9003813567557	0.002188448028088262	-0.027820714166833536	9.236661799434789E-4	0.0011190757371478174	0.004319456661490732	-0.027880941779666747	0.0	7.69454545454561E-4	0.0	9.0	0.0	
73.01199832141755	0.0	77.30682175208918	0.0	73.34422753253008	0.0	65.40838086509028	0.0	68.95302700669936	0.0	68.90912197032337	0.0	46.87437653912564	0.0	68.59611804847839	0.0	68.59611804847839	0.0	74.35038166055854	0.0	0.0015001410716480067	0.0	0.0013886828335023897	2.5882925229753125E-4	0.019309876408956827	0.0	0.01930443936296798	0.0	0.009911378989904919	0.0	0.009773400677897632	0.0	0.009773400677897632	0.0	0.010304774176359163	0.002092234174631351	72.89672885897176	0.0	70.54745421783075	0.0	71.5370861909409	0.0	71.06635468455381	0.0	71.65666064711456	0.0	0.007614307429901866	0.0	0.007425068796673952	0.0010257599867209667	0.11507729200731878	0.0	0.11449327094899175	0.0	0.11522517560148286	0.01669499816828107	6.0	0.0	6.0	0.0	98.88658780889995	0.0020840970047536927	101.12605773477242	0.0	-0.01740886140826001	5.19078406825318E-4	98.88662500980607	0.0024856354171210317	-0.017077598184608838	9.702831312767983E-4	0.006971987114954044	0.004180077645141574	-0.017200121432908343	0.0	0.006038909090909107	0.0	9.5	0.0	
71.2587476877802	0.0	75.45043872823787	0.0	72.39902505017187	0.0	64.02788441181	0.0	68.79620584640257	0.0	68.72081640928705	0.0	47.33300397533193	0.0	67.18345192966414	0.0	67.18345192966414	0.0	75.96373170951635	0.0	0.0015124014785143935	0.0	0.0013929757785122935	2.979821717796669E-4	0.015042596308245098	0.0	0.015034730244704088	0.0	0.0067695146492965305	0.0	0.008639977541186694	0.0	0.008639977541186694	0.0	0.009348771660311249	0.002252510033186577	65.09277743201743	0.0	63.957345026329335	0.0	65.82819262598161	0.0	64.51274118920446	0.0	66.18852912073689	0.0	0.011617022845835661	0.0	0.011452887032115146	0.0013041191199440736	0.13887677853747452	0.0	0.13663803528910662	0.0	0.13948499640605933	0.01815327662922558	6.0	0.0	10.0	0.0	98.8780951191206	0.0021941551272478604	101.13475538514098	0.0	-0.010223507301682222	5.955389291181712E-4	98.87814960921668	0.0027225366144297313	-0.009971714903966615	8.544421300345922E-4	0.011233689146966905	0.004485944872612898	-0.01	0.0	0.01	0.0	10.0	0.0	
69.56287064390901	0.0	73.65480421119777	0.0	71.50252214940598	0.0	62.82053208334182	0.0	68.51439715110943	0.0	68.40895477970288	0.0	48.127423372248074	0.0	65.99015912864078	0.0	65.99015912864078	0.0	74.7863707464168	0.0	0.0015238690486588068	0.0	0.0013982547234271882	2.784290728111422E-4	0.01219841240359863	0.0	0.012188763110057151	0.0	0.004732340432538746	0.0	0.007990555663622292	0.0	0.007990555663622292	0.0	0.008653942128127593	0.0021054562604466342	55.18802284193711	0.0	55.566673521635266	0.0	59.80667427035024	0.0	57.8164292147477	0.0	60.395520151515825	0.0	0.017017174561266096	0.0	0.017117052633352614	0.0015599888402587061	0.1512321362629985	0.0	0.14699955073601229	0.0	0.15247010837878278	0.018576368754125418	6.0	0.0	14.000000000000002	0.0	98.8731642751842	0.0023120617718323023	101.13981237575977	0.0	-0.00520737157384406	5.572934176314066E-4	98.8732325433524	0.0029236555720925424	-0.005043671350094692	7.341729108650457E-4	0.01424978730875666	0.004192365749914892	-0.004972365339578454	0.0	0.013126285714285714	0.0	10.5	0.0	
67.92932484415563	0.0	71.92516748204713	0.0	70.65257343476435	0.0	63.31235460108534	0.0	68.12075078290117	0.0	67.97494364410657	0.0	49.085318923192645	0.0	64.83917737369221	0.0	64.83917737369221	0.0	70.09922902798415	0.0	0.0015346519955059953	0.0	0.0014286243820431724	3.395670117372568E-4	0.009545466831698731	0.0	0.009533939153346754	0.0	0.0029209731787043767	0.0	0.007394502772478026	0.0	0.007394502772478026	0.0	0.007777987300974196	0.0019679431045300302	47.6514553663215	0.0	48.5766834230142	0.0	52.52379951068392	0.0	49.56873854180534	0.0	53.93523992399727	0.0	0.030255677058204512	0.0	0.03077768190448161	0.0022318580879010144	0.1623153565611711	0.0	0.154283440065666	0.0	0.16608683169787056	0.018889976543147304	6.0	0.0	18.0	0.0	98.87071733515644	0.0024083977189590148	101.14232695876444	0.0	-4.863821020459792E-4	6.770893271178614E-4	98.87079873628066	0.003095153251674929	-3.504511318871546E-4	8.102713702998488E-4	0.016649636806676672	0.003917299630512093	-2.879000780640112E-4	0.0	0.016084571428571427	0.0	11.0	0.0	
66.36160480602729	0.0	70.26522861814655	0.0	69.8469032642398	0.0	61.151904685561384	0.0	67.45127540651835	0.0	67.25080120094013	0.0	49.251271616247045	0.0	63.72507095881178	0.0	63.72507095881178	0.0	70.93354297411823	0.0	0.00154990514695837	0.0	0.0014210322120475764	3.7124392236404435E-4	0.007120870225331467	0.0	0.007107405619332875	0.0	0.0013451710209235216	0.0	0.006862019413484874	0.0	0.006862019413484874	0.0	0.00734646259558753	0.0021354099657453314	43.41928022053865	0.0	44.266022410886585	0.0	46.823537647884834	0.0	43.45335392686689	0.0	48.93449701549811	0.0	0.044233122640500805	0.0	0.045015275686467154	0.0029362287408304403	0.1729909544660053	0.0	0.16171601582133724	0.0	0.17991963673959194	0.01916886819841648	6.0	0.0	22.0	0.0	98.87058886692266	0.002522297421857461	101.14247255339315	0.0	0.0037696778677760528	7.392347153911569E-4	98.87068289350852	0.0032725752837642675	0.004019535785054484	0.0010892118795700434	0.019597860730533805	0.004243500415237754	0.004013114754098363	0.0	0.018843999999999996	0.0	11.5	0.0	
64.86197548584018	0.0	68.67738580853666	0.0	69.08318508945604	0.0	64.01657039597303	0.0	65.50205589382597	0.0	64.79577596369063	0.0	42.597652745642016	0.0	60.50670213130722	0.0	60.50670213130722	0.0	67.46066984598852	0.0	0.0030664223872673814	0.0	0.002922633661135372	7.597038848558297E-4	0.008035190744076904	0.0	0.007979377236849803	0.0	7.441530049927749E-4	0.0	0.007623797347319685	0.0	0.007623797347319685	0.0	0.008185952670684091	0.00238815651024764	39.86990407501509	0.0	40.826735525809006	0.0	42.75253289731612	0.0	39.27675338460803	0.0	45.14584045729346	0.0	0.054749508516661535	0.0	0.05595879272577774	0.00340676797234124	0.18177472077783802	0.0	0.16815112084828307	0.0	0.19098198167471875	0.019364929712474614	6.0	0.0	26.0	0.0	98.8725911545724	0.0026677757914185724	101.14044311237069	0.0	0.007627950905216957	0.0015124149050919674	98.87271036025301	0.0035605139936841414	0.007986153474902035	0.002318536803390644	0.021994575586294217	0.004745991818200111	0.007890398126463704	0.0	0.021373714285714288	0.0	12.0	0.0	
63.43167464909419	0.0	67.16294962845268	0.0	68.35909783308034	0.0	67.54765253434391	0.0	64.51219962223416	0.0	63.61137974370179	0.0	38.477357951034065	0.0	59.21963972540454	0.0	59.21963972540454	0.0	62.90858658441688	0.0	0.004418942479460102	0.0	0.0043871480556599745	0.0011543426035134402	0.008917198255465957	0.0	0.00883720156136098	0.0	4.600730532271951E-4	0.0	0.008426410332695203	0.0	0.008426410332695203	0.0	0.008773787070642991	0.002495922385992987	74.14433568144665	0.0	70.4823025756167	0.0	70.31095097867342	0.0	70.32365609692562	0.0	69.55309774425461	0.0	0.0029131469134071933	0.0	0.0028143042413696956	5.214514138860333E-4	0.02542031895115414	0.0	0.02542351694280983	0.0	0.025228462151372144	0.004153879460731013	8.5	0.0	2.0	0.0	98.87654412437755	0.0030512968389008474	101.13645307797128	0.0	0.011260964120879123	0.0022970697851369313	98.87675932803688	0.00450659632136938	0.011256138112231584	0.0023689260152466615	0.02368203810435484	0.004962618534665892	0.01130366900858705	0.0	0.02364285714285714	0.0	12.5	0.0	
62.07108785947697	0.0	65.72232832179915	0.0	67.6723652333028	0.0	67.1453154232169	0.0	63.97556386139023	0.0	63.12113839153183	0.0	39.18065825840635	0.0	58.72292645306333	0.0	58.72292645306333	0.0	64.66878359056926	0.0	0.0055874447669975	0.0	0.005561410113105075	0.0016041619564128291	0.009731562540149011	0.0	0.009648964929186033	0.0	5.784440170703001E-4	0.0	0.009200568922307181	0.0	0.009200568922307181	0.0	0.00979750736611277	0.0031139428520736826	66.95177003748611	0.0	63.817886667476344	0.0	63.002015396419296	0.0	62.15237310325765	0.0	64.98020593585818	0.0	0.008142326568277443	0.0	0.007861460167480683	0.001078611143348458	0.053884409116769005	0.0	0.05333693429518528	0.0	0.055135062339729736	0.007773115266875403	8.5	0.0	6.0	0.0	98.88224604506459	0.00376846806505271	101.13073733606409	0.0	0.014177171629239859	0.003188873848130684	98.88255852868174	0.005675143900447985	0.014669297371559732	0.004262578595490018	0.026117133041991092	0.006184169283149814	0.014212646370023426	0.0	0.02562057142857143	0.0	13.0	0.0	
60.77989946521194	0.0	64.35518766904794	0.0	67.0207825980321	0.0	71.13155034976919	0.0	63.591066128969295	0.0	62.85782090745931	0.0	40.53672570423159	0.0	58.48923848735765	0.0	58.48923848735765	0.0	63.16269889932757	0.0	0.006551986246096843	0.0	0.006777755773112185	0.002608408206202399	0.0104431091343336	0.0	0.010367610130096721	0.0	7.831561819847504E-4	0.0	0.009893125401362082	0.0	0.009893125401362082	0.0	0.010399145548669997	0.0030136824782699225	56.77756728682088	0.0	56.88864209298663	0.0	53.01142473507722	0.0	51.6911455469119	0.0	57.2853148742121	0.0	0.018390336155376524	0.0	0.01841880400702778	0.0019903876953761696	0.07241412529426225	0.0	0.07093095921106021	0.0	0.0770640994631913	0.009440308567038497	8.5	0.0	10.0	0.0	98.88950411587606	0.004978386914860491	101.1235511697018	0.0	0.017038169832362872	0.005173025601945897	98.88998620871689	0.0074341743095086305	0.016819282036795752	0.005292413799660362	0.027600200225528868	0.005990278000791998	0.016577049180327874	0.0	0.027275999999999998	0.0	13.5	0.0	
59.55722256637364	0.0	63.06058859968974	0.0	66.4022342887788	0.0	63.8203984547145	0.0	63.22187158926403	0.0	62.599718714897165	0.0	41.29454438610854	0.0	58.27744319321789	0.0	58.27744319321789	0.0	62.915112763789296	0.0	0.007292658958591902	0.0	0.00712234333122564	0.0025923309903082134	0.011024643867309777	0.0	0.010957522881763692	0.0	9.428253314976771E-4	0.0	0.010465617010417913	0.0	0.010465617010417913	0.0	0.010991664092990643	0.0031865817604443034	49.991926409198186	0.0	51.66602017061058	0.0	44.36131547074187	0.0	42.50773265098937	0.0	49.97095566343611	0.0	0.036669417457592356	0.0	0.037685820439497725	0.0036358192267144248	0.09042467387459084	0.0	0.08711587453014992	0.0	0.10008378059383043	0.010428851041645336	8.5	0.0	14.000000000000002	0.0	98.89854227344989	0.009302445649034916	101.11517021395424	0.0	0.018032134082294565	0.00514392354170139	98.89948840294255	0.013540337762695644	0.01888505347635153	0.005757569952437824	0.028963007967550917	0.006334032457467798	0.018356596409055435	0.0	0.028578285714285705	0.0	14.000000000000002	0.0	
58.40171059630168	0.0	61.83710533726061	0.0	65.81470441062561	0.0	57.975696999386095	0.0	62.81515571515934	0.0	62.265658212067954	0.0	41.55223184573073	0.0	57.97941425173225	0.0	57.97941425173225	0.0	65.99377742614759	0.0	0.0077895561021800695	0.0	0.007202832650378502	0.0020958390888544745	0.01145514729851372	0.0	0.011393890449310192	0.0	0.0010371441545550721	0.0	0.010889637835877135	0.0	0.010889637835877135	0.0	0.011794642434432666	0.003437730794539602	44.97954943519624	0.0	46.89357849427888	0.0	39.41455655281981	0.0	37.633696409140065	0.0	44.95262690497407	0.0	0.0531738919594453	0.0	0.055112509908369994	0.0046785523610694355	0.10768642488269493	0.0	0.10330093593018964	0.0	0.12090100146927474	0.011198415557559079	8.5	0.0	18.0	0.0	98.91121580000394	0.03025525732980261	101.10589041382971	0.0	0.018362746537478793	0.004167980062889029	98.91452916081552	0.04772807861369965	0.020705523595634396	0.006167099939162438	0.03063044585846177	0.006832180138850191	0.019511007025761137	0.0	0.02949657142857143	0.0	14.499999999999998	0.0	
57.31165283943952	0.0	60.682926535877144	0.0	65.25628255308953	0.0	63.93269165257849	0.0	62.354219884606664	0.0	61.83288569295742	0.0	41.35819483579825	0.0	57.550631706679326	0.0	57.550631706679326	0.0	63.05263888640058	0.0	0.008022744475001507	0.0	0.007928198395261578	0.003281722402554164	0.011717186877161346	0.0	0.011657909148334582	0.0	0.0010534450530047773	0.0	0.011143501587418293	0.0	0.011143501587418293	0.0	0.011795474737885623	0.0030934871026381924	41.10101390084759	0.0	43.02389577882138	0.0	36.1249390607546	0.0	34.32870237691366	0.0	41.15445283201144	0.0	0.06473707132198801	0.0	0.06739763213069681	0.005243143345986696	0.12108054831897043	0.0	0.11555894179153321	0.0	0.1361305969397745	0.011670072787623859	8.5	0.0	22.0	0.0	98.92985003442925	0.08392115917963519	101.09602798726804	0.0	0.019818879752215503	0.006508046524413992	98.94189666740768	0.15107584313817812	0.020884848129046608	0.005384117435579988	0.030615928620628705	0.006156322109559782	0.02	0.0	0.03	0.0	15.0	0.0	
56.28505593242868	0.0	59.59594157551273	0.0	64.7251659549984	0.0	62.81063130125695	0.0	61.88390078222742	0.0	61.37205637654611	0.0	40.99529274663571	0.0	57.07741085003033	0.0	57.07741085003033	0.0	59.17124122602912	0.0	0.008102156591257162	0.0	0.007963183833433939	0.0023683454800110136	0.011847320478947874	0.0	0.01178858264602134	0.0	0.0010311010486089912	0.0	0.011267157872345777	0.0	0.011267157872345777	0.0	0.011527794027337378	0.003393101618149147	69.51273590421121	0.0	63.84240668066351	0.0	63.49751446272837	0.0	61.74971996018292	0.0	67.38839628151031	0.0	0.0030431979759964344	0.0	0.0028782063865597355	6.97026586908837E-4	0.01403422143321268	0.0	0.013766749272714715	0.0	0.014600835552517843	0.0035287476371628516	11.0	0.0	2.0	0.0	98.95755758044001	0.17469830169477119	101.08591939532852	0.0	0.019840795463572765	0.004707963311696809	98.96421657819536	0.21782268710368055	0.02044087709248306	0.006207541452237506	0.030001174588501704	0.006746128554809854	0.02010571428571429	0.0	0.030176428571428573	0.0	15.5	0.0	
55.31971315119617	0.0	58.57381392479596	0.0	64.21965911479435	0.0	61.534722295949884	0.0	61.444519364564556	0.0	60.94656097669422	0.0	40.69516883728816	0.0	56.644103279056544	0.0	56.644103279056544	0.0	57.43793318819527	0.0	0.00813694292785029	0.0	0.00793953463707815	0.0024038511463084717	0.011887730759828796	0.0	0.011830530586262487	0.0	0.0010084233724598445	0.0	0.011306945970870827	0.0	0.011306945970870827	0.0	0.011407546148080943	0.0029451389945173187	61.34095796670588	0.0	61.4020265415359	0.0	51.171946177741454	0.0	49.845433414759036	0.0	56.594057300306055	0.0	0.02026234061146223	0.0	0.02027645782549814	0.0036189714112710965	0.04187365954669856	0.0	0.04101670893815474	0.0	0.04521062022005159	0.007799677698187632	11.0	0.0	6.0	0.0	99.08015069051827	0.7115889482941914	101.07575839373114	0.0	0.019731792370026875	0.004778852075393593	98.9774082573192	0.22929843819856358	0.019985914065239058	0.004841676622715505	0.029646564911543723	0.005865471956161568	0.020102857142857145	0.0	0.030125714285714287	0.0	16.0	0.0	
54.413263070600514	0.0	57.614043251224075	0.0	63.73817160559195	0.0	60.5444455377828	0.0	61.02637613107817	0.0	60.54208584986309	0.0	40.410430176142874	0.0	56.232068192076134	0.0	56.232068192076134	0.0	58.06243731409779	0.0	0.008105698773656361	0.0	0.007870541072969696	0.00246315200852737	0.011831153808125477	0.0	0.011775937604742477	0.0	9.78528705575311E-4	0.0	0.01125464236088848	0.0	0.01125464236088848	0.0	0.011482637961961095	0.004083472112655274	54.166211531702416	0.0	55.34289358389884	0.0	44.99809576460755	0.0	43.95436204981356	0.0	50.22086053271829	0.0	0.04336927582253957	0.0	0.04407791355353714	0.006155723135727693	0.07029523343122074	0.0	0.06893682870824466	0.0	0.07682746711040903	0.010358157957197193	11.0	0.0	10.0	0.0	104.12367123142185	32.47947681409838	101.0655998571512	0.0	0.019499183881695373	0.0048958541554526445	98.98866462557675	0.23076797202095575	0.019528487448230693	0.004768224246916924	0.02964426328183728	0.00810859421546135	0.019940000000000003	0.0	0.029834999999999997	0.0	16.5	0.0	
53.563238991848095	0.0	56.714017756074455	0.0	63.27921465898495	0.0	60.00483896681508	0.0	60.62023748004943	0.0	60.144790026341745	0.0	40.09506669819914	0.0	55.82263314419108	0.0	55.82263314419108	0.0	58.46309262666782	0.0	0.007986693273951578	0.0	0.007749212611980562	0.0023063982346387796	0.011670340535361132	0.0	0.011617009353517716	0.0	9.350186576941302E-4	0.0	0.011101966114963918	0.0	0.011101966114963918	0.0	0.011423121863584004	0.004715656858818757	47.71119741748613	0.0	50.522864391637434	0.0	40.34997850190652	0.0	38.969078087570395	0.0	44.9745422364313	0.0	0.06192560414419509	0.0	0.06482026007351925	0.007926547659464716	0.09365429041631188	0.0	0.09087860106018178	0.0	0.10263830413093201	0.011751533352582012	11.0	0.0	14.000000000000002	0.0	214.3429641711095	729.4938355282287	101.05552462134644	0.0	0.019109626299015945	0.004586735002756132	98.99930805594225	0.23125063877540333	0.020087381363352735	0.00854463526050606	0.029291195037360867	0.009355562448118603	0.019565714285714284	0.0	0.02929142857142857	0.0	17.0	0.0	
52.76711036358829	0.0	55.87105803203466	0.0	62.84139693588527	0.0	63.36462640702598	0.0	60.21686688226113	0.0	59.74051852798272	0.0	39.70062537585694	0.0	55.39623385840223	0.0	55.39623385840223	0.0	63.8394448538275	0.0	0.007757888817302413	0.0	0.007792834257851071	0.0024655296243702024	0.011398084026750998	0.0	0.011346011351399033	0.0	8.721492651959308E-4	0.0	0.010840668519007645	0.0	0.010840668519007645	0.0	0.01177307239120819	0.004777040755446435	65.8389861261701	0.0	67.57451068213405	0.0	57.310928981329766	0.0	57.02168225140554	0.0	61.33541186864557	0.0	0.013661377386707568	0.0	0.01387341533202288	0.004429047959953076	0.01998065023147435	0.0	0.019911679261984876	0.0	0.02090049151998933	0.005400305360978801	13.5	0.0	2.0	0.0	2186.140510031505	13200.107555311679	101.04563947078793	0.0	0.01901234750471138	0.004900261768531375	99.01137146736566	0.23202779469733587	0.020398041176779052	0.00874147050378319	0.029738670596641863	0.009477163255206075	0.01892857142857143	0.0	0.028482142857142855	0.0	17.5	0.0	
52.02231727288146	0.0	55.08245358305095	0.0	62.42341979381833	0.0	62.686660171072006	0.0	59.80708675016929	0.0	59.314622144450155	0.0	39.1720890284387	0.0	54.93296369043256	0.0	54.93296369043256	0.0	67.88872503225738	0.0	0.00739695735761897	0.0	0.007413731898744076	0.0029569716832606855	0.011007313586607741	0.0	0.010955392715652552	0.0	7.854063797615821E-4	0.0	0.01046282630089092	0.0	0.01046282630089092	0.0	0.011764512719349583	0.004381765519196291	58.61979486326645	0.0	61.84549063327688	0.0	51.27175162240745	0.0	48.901963610120916	0.0	54.15709783914146	0.0	0.0416369453488354	0.0	0.04312251854021599	0.010262702721389563	0.05804407420356533	0.0	0.05602449619857169	0.0	0.0603934637167851	0.010671201357270383	13.5	0.0	6.0	0.0	10882.972816457219	68203.36571353373	101.03607712777405	0.0	0.018024017334390675	0.0058685447251782185	99.17075793942219	0.9775231071327516	0.019700108153581596	0.007520995010295505	0.029399090149390197	0.008697302675978642	0.017977142857142858	0.0	0.02739428571428571	0.0	18.0	0.0	
51.32629894991116	0.0	54.34549300578829	0.0	62.024072278624	0.0	49.6326284080986	0.0	59.38285534439366	0.0	58.85319506327128	0.0	38.442377710606564	0.0	54.415726604533376	0.0	54.415726604533376	0.0	64.27978496219711	0.0	0.006881293930447403	0.0	0.0060099201081922765	0.0017309037750574525	0.010491295360715422	0.0	0.010438073399308297	0.0	6.72516350593647E-4	0.0	0.00996144648816343	0.0	0.00996144648816343	0.0	0.01094755438478879	0.0038658674339902468	50.64229043299837	0.0	54.71674516902015	0.0	44.42149704336519	0.0	41.91303548384154	0.0	47.38378926841063	0.0	0.06254967018372888	0.0	0.06615988325647812	0.012225354777752159	0.08600698660181451	0.0	0.08206349472218852	0.0	0.09047633800948914	0.013021896274280662	13.5	0.0	10.0	0.0	17977.527746825523	113072.98501001691	101.02699624405452	0.0	0.014941593778775611	0.0034465991730389988	111.18224920704863	76.83695218655843	0.018040745930698536	0.0067485611394831795	0.02739258836301536	0.007677008155133051	0.01666	0.0	0.026015	0.0	18.5	0.0	
50.67651711342853	0.0	53.65748870833609	0.0	61.642226007407785	0.0	52.638660864619844	0.0	58.94113134169221	0.0	58.34902168674937	0.0	37.4229155670594	0.0	53.83971786470104	0.0	53.83971786470104	0.0	56.64047740308595	0.0	0.006188027495196732	0.0	0.005644043170343156	0.0019090756924483284	0.009844061436841512	0.0	0.009788155662153937	0.0	5.348678110422006E-4	0.0	0.009331661146648688	0.0	0.009331661146648688	0.0	0.00962163305591018	0.0036620947835540913	62.97192753497845	0.0	61.32432543742063	0.0	55.54382914915676	0.0	55.32804269856349	0.0	55.491394863679524	0.0	0.01602773820965273	0.0	0.015782025817621708	0.004498479004049802	0.022220140720721974	0.0	0.02216371422052824	0.0	0.022206454388201197	0.0053475787205088466	16.0	0.0	2.0	0.0	19801.289659438437	124607.35576773102	101.01858139622422	0.0	0.013843845282217142	0.0037949414696597174	252.37852292359997	969.7658761832625	0.01505919379370144	0.005452142054462205	0.024289894450907467	0.007271499876720639	0.014925714285714285	0.0	0.02433142857142857	0.0	19.0	0.0	
50.07047488073083	0.0	53.01579693253853	0.0	61.276830063666	0.0	54.171778708029684	0.0	58.49614075315461	0.0	57.8233199742213	0.0	35.983063504556505	0.0	53.239115576318554	0.0	53.239115576318554	0.0	53.62539942824834	0.0	0.005294029140069908	0.0	0.004936810035023599	0.001789129725295911	0.00906138381075538	0.0	0.009002774252048252	0.0	3.7923984997022595E-4	0.0	0.00857318003148341	0.0	0.00857318003148341	0.0	0.008611446589028179	0.0030659689180775633	53.420811294124015	0.0	54.18467500326173	0.0	47.08377502103842	0.0	44.701624361331234	0.0	49.85270433141765	0.0	0.040862524655525305	0.0	0.04125316261701909	0.00868404117720516	0.0565161739345011	0.0	0.05435927816171392	0.0	0.05890434577721633	0.012519710727598344	16.0	0.0	6.0	0.0	19946.114906874845	125523.2575410307	101.01104308638016	0.0	0.012022213429152342	0.0035547073237380197	298.7285208524807	1262.8532254743295	0.01257610407708081	0.004845140421220483	0.0217621753370605	0.006091889439421169	0.012722857142857147	0.0	0.02233071428571429	0.0	19.5	0.0	
