Time	Component	Volatility OIS	Volatility Spread
0	0	0.0	0.0
0	1	0.9177408222249752	0.8043840552427676
0	2	0.9491429235976864	0.7189263425875542
0	3	0.9266414672967753	0.6023884238244039
0	4	0.8725468264600289	0.484551643187173
0	5	0.8019367523074658	0.37893879306251554
0	6	0.7247644484156034	0.29029745052611994
0	7	0.647387921868902	0.21891622545078462
0	8	0.5736734913281445	0.16304881591346487
0	9	0.505787014563178	0.12022437876808734
0	10	0.44475699422037496	0.08791506666592405
0	11	0.39087176849051936	0.06384216749595585
0	12	0.3439566350025333	0.04608658347451213
0	13	0.3035645911165405	0.033099386524564615
0	14	0.26910534716498363	0.023666327785490753
0	15	0.23993058784325416	0.016855514801331236
0	16	0.21538852499902536	0.011963212366852324
0	17	0.19485715549484495	0.008464691123620492
0	18	0.17776297576769606	0.00597268646701343
0	19	0.16358995974293655	0.004203792040901124
0	20	0.1518821918929581	0.0029520711255421046
0	21	0.14224252311341018	0.0020687793824454037
0	22	0.13432888008309818	0.0014470375209165748
0	23	0.12784933196945955	0.0010103940183709321
0	24	0.12255664480766384	7.043788595048793E-4
0	25	0.11824279158735188	4.903192414348364E-4
0	26	0.11473370409118015	3.4084380969412047E-4
0	27	0.11188442815103036	2.3663423956959425E-4
0	28	0.10957476063832243	1.6409035278817127E-4
0	29	0.10770539211894165	1.1365948792947024E-4
0	30	0.10619454494565574	7.864591812260107E-5
0	31	0.1049750763436492	5.436537093947136E-5
0	32	0.10399200527203988	3.754650697970591E-5
0	33	0.10320041732694549	2.590841676614668E-5
0	34	0.10256370144953422	1.7863129151376657E-5
0	35	0.10205207416024903	1.230662504273281E-5
0	36	0.10164135039435292	8.47233361289579E-6
0	37	0.10131192405063814	5.828627032621012E-6
0	38	0.10104792561842783	4.0072261957241875E-6
0	39	0.10083652842453786	2.7532771491928804E-6
1	0	0.0	0.0
1	1	0.0	0.0
1	2	0.9177408222249747	0.804384055242767
1	3	0.9491429235976865	0.7189263425875543
1	4	0.9266414672967757	0.602388423824404
1	5	0.8725468264600288	0.484551643187173
1	6	0.8019367523074658	0.37893879306251554
1	7	0.7247644484156034	0.2902974505261199
1	8	0.647387921868902	0.21891622545078468
1	9	0.5736734913281448	0.16304881591346493
1	10	0.5057870145631777	0.12022437876808727
1	11	0.4447569942203749	0.08791506666592404
1	12	0.3908717684905194	0.06384216749595586
1	13	0.3439566350025332	0.04608658347451211
1	14	0.30356459111654066	0.033099386524564636
1	15	0.2691053471649836	0.023666327785490743
1	16	0.23993058784325422	0.016855514801331236
1	17	0.2153885249990252	0.011963212366852315
1	18	0.19485715549484497	0.008464691123620496
1	19	0.177762975767696	0.005972686467013429
1	20	0.1635899597429367	0.004203792040901128
1	21	0.15188219189295812	0.0029520711255421046
1	22	0.14224252311341018	0.002068779382445404
1	23	0.1343288800830981	0.0014470375209165742
1	24	0.12784933196945958	0.0010103940183709323
1	25	0.12255664480766387	7.043788595048795E-4
1	26	0.1182427915873518	4.903192414348362E-4
1	27	0.11473370409118015	3.408438096941205E-4
1	28	0.11188442815103042	2.3663423956959433E-4
1	29	0.1095747606383224	1.6409035278817122E-4
1	30	0.10770539211894166	1.1365948792947027E-4
1	31	0.10619454494565575	7.86459181226011E-5
1	32	0.10497507634364918	5.436537093947135E-5
1	33	0.10399200527203993	3.754650697970592E-5
1	34	0.10320041732694553	2.5908416766146693E-5
1	35	0.10256370144953418	1.786312915137665E-5
1	36	0.10205207416024907	1.2306625042732814E-5
1	37	0.10164135039435293	8.472333612895792E-6
1	38	0.10131192405063806	5.828627032621007E-6
1	39	0.10104792561842772	4.007226195724183E-6
2	0	0.0	0.0
2	1	0.0	0.0
2	2	0.0	0.0
2	3	0.9177408222249748	0.8043840552427671
2	4	0.9491429235976868	0.7189263425875545
2	5	0.9266414672967755	0.602388423824404
2	6	0.8725468264600288	0.484551643187173
2	7	0.8019367523074658	0.3789387930625155
2	8	0.7247644484156034	0.29029745052612
2	9	0.6473879218689024	0.2189162254507848
2	10	0.5736734913281445	0.16304881591346485
2	11	0.5057870145631777	0.12022437876808724
2	12	0.44475699422037496	0.08791506666592405
2	13	0.39087176849051936	0.06384216749595584
2	14	0.34395663500253343	0.04608658347451214
2	15	0.30356459111654055	0.03309938652456462
2	16	0.26910534716498363	0.023666327785490746
2	17	0.23993058784325402	0.016855514801331226
2	18	0.21538852499902525	0.011963212366852317
2	19	0.19485715549484495	0.008464691123620492
2	20	0.17776297576769615	0.005972686467013434
2	21	0.1635899597429367	0.004203792040901128
2	22	0.15188219189295812	0.0029520711255421055
2	23	0.1422425231134101	0.0020687793824454032
2	24	0.13432888008309812	0.0014470375209165744
2	25	0.1278493319694596	0.0010103940183709326
2	26	0.1225566448076638	7.043788595048791E-4
2	27	0.1182427915873518	4.903192414348362E-4
2	28	0.11473370409118021	3.4084380969412063E-4
2	29	0.1118844281510304	2.3663423956959425E-4
2	30	0.10957476063832243	1.6409035278817127E-4
2	31	0.10770539211894167	1.136594879294703E-4
2	32	0.10619454494565572	7.864591812260107E-5
2	33	0.10497507634364925	5.436537093947137E-5
2	34	0.10399200527203997	3.754650697970594E-5
2	35	0.10320041732694549	2.590841676614668E-5
2	36	0.1025637014495342	1.7863129151376657E-5
2	37	0.10205207416024907	1.2306625042732817E-5
2	38	0.10164135039435286	8.472333612895785E-6
2	39	0.10131192405063794	5.828627032621001E-6
3	0	0.0	0.0
3	1	0.0	0.0
3	2	0.0	0.0
3	3	0.0	0.0
3	4	0.9177408222249751	0.8043840552427673
3	5	0.9491429235976867	0.7189263425875545
3	6	0.9266414672967755	0.602388423824404
3	7	0.8725468264600288	0.4845516431871729
3	8	0.8019367523074659	0.3789387930625156
3	9	0.7247644484156038	0.2902974505261201
3	10	0.647387921868902	0.21891622545078465
3	11	0.5736734913281445	0.1630488159134648
3	12	0.5057870145631777	0.12022437876808727
3	13	0.44475699422037485	0.08791506666592402
3	14	0.3908717684905196	0.06384216749595588
3	15	0.34395663500253326	0.046086583474512124
3	16	0.30356459111654055	0.03309938652456463
3	17	0.2691053471649834	0.023666327785490732
3	18	0.23993058784325408	0.01685551480133123
3	19	0.2153885249990252	0.011963212366852315
3	20	0.19485715549484509	0.0084646911236205
3	21	0.1777629757676962	0.005972686467013434
3	22	0.1635899597429367	0.0042037920409011284
3	23	0.15188219189295804	0.0029520711255421037
3	24	0.14224252311341012	0.0020687793824454032
3	25	0.13432888008309815	0.0014470375209165746
3	26	0.12784933196945952	0.0010103940183709321
3	27	0.1225566448076638	7.043788595048791E-4
3	28	0.11824279158735186	4.903192414348363E-4
3	29	0.1147337040911802	3.408438096941205E-4
3	30	0.11188442815103042	2.3663423956959433E-4
3	31	0.10957476063832244	1.640903527881713E-4
3	32	0.10770539211894165	1.1365948792947027E-4
3	33	0.10619454494565578	7.864591812260112E-5
3	34	0.10497507634364929	5.43653709394714E-5
3	35	0.10399200527203993	3.754650697970592E-5
3	36	0.10320041732694551	2.5908416766146686E-5
3	37	0.10256370144953422	1.7863129151376657E-5
3	38	0.102052074160249	1.2306625042732806E-5
3	39	0.10164135039435274	8.472333612895775E-6
4	0	0.0	0.0
4	1	0.0	0.0
4	2	0.0	0.0
4	3	0.0	0.0
4	4	0.0	0.0
4	5	0.917740822224975	0.8043840552427673
4	6	0.9491429235976867	0.7189263425875545
4	7	0.9266414672967755	0.6023884238244039
4	8	0.8725468264600289	0.48455164318717303
4	9	0.8019367523074662	0.37893879306251577
4	10	0.7247644484156033	0.29029745052611994
4	11	0.647387921868902	0.2189162254507846
4	12	0.5736734913281445	0.16304881591346485
4	13	0.5057870145631775	0.12022437876808721
4	14	0.44475699422037507	0.08791506666592407
4	15	0.39087176849051936	0.06384216749595585
4	16	0.3439566350025334	0.04608658347451213
4	17	0.3035645911165403	0.03309938652456461
4	18	0.26910534716498347	0.023666327785490732
4	19	0.23993058784325402	0.016855514801331222
4	20	0.21538852499902536	0.011963212366852324
4	21	0.19485715549484509	0.0084646911236205
4	22	0.1777629757676962	0.0059726864670134345
4	23	0.1635899597429366	0.004203792040901127
4	24	0.15188219189295807	0.002952071125542104
4	25	0.14224252311341018	0.0020687793824454037
4	26	0.1343288800830981	0.001447037520916574
4	27	0.12784933196945952	0.0010103940183709321
4	28	0.12255664480766386	7.043788595048793E-4
4	29	0.11824279158735185	4.903192414348362E-4
4	30	0.11473370409118021	3.4084380969412063E-4
4	31	0.11188442815103043	2.3663423956959436E-4
4	32	0.10957476063832242	1.6409035278817127E-4
4	33	0.1077053921189417	1.1365948792947032E-4
4	34	0.10619454494565583	7.864591812260116E-5
4	35	0.10497507634364925	5.436537093947138E-5
4	36	0.10399200527203997	3.7546506979705934E-5
4	37	0.10320041732694553	2.5908416766146693E-5
4	38	0.10256370144953414	1.7863129151376644E-5
4	39	0.10205207416024888	1.2306625042732792E-5
5	0	0.0	0.0
5	1	0.0	0.0
5	2	0.0	0.0
5	3	0.0	0.0
5	4	0.0	0.0
5	5	0.0	0.0
5	6	0.917740822224975	0.8043840552427673
5	7	0.9491429235976867	0.7189263425875544
5	8	0.9266414672967757	0.6023884238244042
5	9	0.8725468264600293	0.48455164318717325
5	10	0.8019367523074658	0.37893879306251554
5	11	0.7247644484156033	0.2902974505261199
5	12	0.647387921868902	0.21891622545078465
5	13	0.5736734913281444	0.1630488159134648
5	14	0.5057870145631779	0.1202243787680873
5	15	0.4447569942203749	0.08791506666592404
5	16	0.39087176849051947	0.06384216749595586
5	17	0.3439566350025331	0.046086583474512104
5	18	0.30356459111654044	0.033099386524564615
5	19	0.2691053471649834	0.02366632778549073
5	20	0.23993058784325422	0.016855514801331236
5	21	0.21538852499902536	0.011963212366852324
5	22	0.19485715549484509	0.008464691123620501
5	23	0.1777629757676961	0.005972686467013432
5	24	0.16358995974293664	0.004203792040901127
5	25	0.1518821918929581	0.0029520711255421046
5	26	0.1422425231134101	0.002068779382445403
5	27	0.1343288800830981	0.001447037520916574
5	28	0.12784933196945958	0.0010103940183709326
5	29	0.12255664480766384	7.043788595048792E-4
5	30	0.11824279158735186	4.903192414348363E-4
5	31	0.11473370409118022	3.4084380969412063E-4
5	32	0.1118844281510304	2.3663423956959433E-4
5	33	0.10957476063832247	1.6409035278817133E-4
5	34	0.10770539211894176	1.1365948792947038E-4
5	35	0.10619454494565578	7.864591812260113E-5
5	36	0.10497507634364928	5.4365370939471385E-5
5	37	0.10399200527203997	3.754650697970594E-5
5	38	0.10320041732694545	2.590841676614667E-5
5	39	0.10256370144953403	1.7863129151376627E-5
6	0	0.0	0.0
6	1	0.0	0.0
6	2	0.0	0.0
6	3	0.0	0.0
6	4	0.0	0.0
6	5	0.0	0.0
6	6	0.0	0.0
6	7	0.917740822224975	0.8043840552427672
6	8	0.9491429235976868	0.7189263425875546
6	9	0.926641467296776	0.6023884238244044
6	10	0.8725468264600288	0.484551643187173
6	11	0.8019367523074656	0.3789387930625155
6	12	0.7247644484156034	0.29029745052611994
6	13	0.6473879218689019	0.21891622545078457
6	14	0.5736734913281446	0.16304881591346487
6	15	0.5057870145631777	0.12022437876808725
6	16	0.444756994220375	0.08791506666592405
6	17	0.3908717684905192	0.06384216749595582
6	18	0.34395663500253315	0.046086583474512104
6	19	0.3035645911165403	0.03309938652456461
6	20	0.26910534716498363	0.023666327785490746
6	21	0.23993058784325424	0.016855514801331236
6	22	0.21538852499902536	0.011963212366852327
6	23	0.19485715549484497	0.008464691123620497
6	24	0.17776297576769615	0.005972686467013433
6	25	0.1635899597429367	0.004203792040901128
6	26	0.151882191892958	0.0029520711255421033
6	27	0.1422425231134101	0.002068779382445403
6	28	0.13432888008309815	0.0014470375209165744
6	29	0.12784933196945955	0.0010103940183709321
6	30	0.12255664480766386	7.043788595048793E-4
6	31	0.11824279158735188	4.903192414348364E-4
6	32	0.1147337040911802	3.4084380969412063E-4
6	33	0.11188442815103047	2.366342395695944E-4
6	34	0.10957476063832253	1.640903527881714E-4
6	35	0.1077053921189417	1.1365948792947034E-4
6	36	0.10619454494565582	7.864591812260114E-5
6	37	0.10497507634364929	5.43653709394714E-5
6	38	0.1039920052720399	3.754650697970591E-5
6	39	0.10320041732694533	2.5908416766146642E-5
7	0	0.0	0.0
7	1	0.0	0.0
7	2	0.0	0.0
7	3	0.0	0.0
7	4	0.0	0.0
7	5	0.0	0.0
7	6	0.0	0.0
7	7	0.0	0.0
7	8	0.9177408222249751	0.8043840552427675
7	9	0.9491429235976871	0.718926342587555
7	10	0.9266414672967755	0.602388423824404
7	11	0.8725468264600287	0.48455164318717286
7	12	0.8019367523074658	0.37893879306251554
7	13	0.7247644484156033	0.2902974505261198
7	14	0.6473879218689023	0.2189162254507847
7	15	0.5736734913281445	0.16304881591346485
7	16	0.5057870145631778	0.12022437876808727
7	17	0.4447569942203747	0.087915066665924
7	18	0.39087176849051924	0.06384216749595582
7	19	0.3439566350025331	0.0460865834745121
7	20	0.30356459111654055	0.03309938652456463
7	21	0.26910534716498363	0.023666327785490746
7	22	0.23993058784325424	0.01685551480133124
7	23	0.21538852499902528	0.01196321236685232
7	24	0.19485715549484503	0.008464691123620497
7	25	0.17776297576769615	0.005972686467013434
7	26	0.1635899597429366	0.004203792040901126
7	27	0.151882191892958	0.0029520711255421037
7	28	0.14224252311341015	0.0020687793824454037
7	29	0.13432888008309812	0.0014470375209165742
7	30	0.12784933196945958	0.0010103940183709326
7	31	0.12255664480766387	7.043788595048796E-4
7	32	0.11824279158735185	4.903192414348363E-4
7	33	0.11473370409118025	3.4084380969412074E-4
7	34	0.11188442815103052	2.3663423956959455E-4
7	35	0.10957476063832247	1.6409035278817135E-4
7	36	0.10770539211894174	1.1365948792947035E-4
7	37	0.10619454494565583	7.864591812260116E-5
7	38	0.1049750763436492	5.436537093947135E-5
7	39	0.10399200527203978	3.7546506979705866E-5
8	0	0.0	0.0
8	1	0.0	0.0
8	2	0.0	0.0
8	3	0.0	0.0
8	4	0.0	0.0
8	5	0.0	0.0
8	6	0.0	0.0
8	7	0.0	0.0
8	8	0.0	0.0
8	9	0.9177408222249755	0.8043840552427678
8	10	0.9491429235976867	0.7189263425875545
8	11	0.9266414672967754	0.6023884238244039
8	12	0.8725468264600288	0.484551643187173
8	13	0.8019367523074655	0.3789387930625154
8	14	0.7247644484156036	0.29029745052612
8	15	0.647387921868902	0.21891622545078462
8	16	0.5736734913281445	0.16304881591346485
8	17	0.5057870145631773	0.12022437876808718
8	18	0.44475699422037474	0.08791506666592401
8	19	0.3908717684905192	0.06384216749595581
8	20	0.3439566350025334	0.04608658347451213
8	21	0.3035645911165406	0.03309938652456463
8	22	0.26910534716498363	0.023666327785490753
8	23	0.2399305878432541	0.016855514801331233
8	24	0.2153885249990253	0.011963212366852322
8	25	0.19485715549484509	0.0084646911236205
8	26	0.17776297576769606	0.005972686467013431
8	27	0.1635899597429366	0.004203792040901126
8	28	0.1518821918929581	0.0029520711255421046
8	29	0.14224252311341012	0.0020687793824454032
8	30	0.13432888008309815	0.0014470375209165744
8	31	0.1278493319694596	0.0010103940183709328
8	32	0.12255664480766384	7.043788595048793E-4
8	33	0.11824279158735192	4.903192414348366E-4
8	34	0.1147337040911803	3.408438096941209E-4
8	35	0.11188442815103047	2.3663423956959444E-4
8	36	0.10957476063832251	1.6409035278817138E-4
8	37	0.10770539211894176	1.1365948792947038E-4
8	38	0.10619454494565575	7.864591812260109E-5
8	39	0.10497507634364908	5.436537093947129E-5
9	0	0.0	0.0
9	1	0.0	0.0
9	2	0.0	0.0
9	3	0.0	0.0
9	4	0.0	0.0
9	5	0.0	0.0
9	6	0.0	0.0
9	7	0.0	0.0
9	8	0.0	0.0
9	9	0.0	0.0
9	10	0.917740822224975	0.8043840552427673
9	11	0.9491429235976866	0.7189263425875544
9	12	0.9266414672967755	0.602388423824404
9	13	0.8725468264600286	0.4845516431871728
9	14	0.8019367523074661	0.3789387930625156
9	15	0.7247644484156033	0.2902974505261199
9	16	0.647387921868902	0.21891622545078465
9	17	0.5736734913281442	0.16304881591346473
9	18	0.5057870145631774	0.1202243787680872
9	19	0.4447569942203747	0.08791506666592398
9	20	0.39087176849051947	0.06384216749595586
9	21	0.34395663500253343	0.04608658347451213
9	22	0.3035645911165406	0.033099386524564636
9	23	0.2691053471649835	0.02366632778549074
9	24	0.23993058784325416	0.016855514801331233
9	25	0.21538852499902536	0.011963212366852324
9	26	0.19485715549484497	0.008464691123620496
9	27	0.17776297576769606	0.005972686467013431
9	28	0.16358995974293666	0.004203792040901128
9	29	0.15188219189295807	0.0029520711255421037
9	30	0.14224252311341015	0.0020687793824454037
9	31	0.13432888008309815	0.0014470375209165748
9	32	0.12784933196945958	0.0010103940183709326
9	33	0.12255664480766391	7.043788595048797E-4
9	34	0.11824279158735197	4.903192414348369E-4
9	35	0.11473370409118025	3.408438096941208E-4
9	36	0.1118844281510305	2.366342395695945E-4
9	37	0.10957476063832253	1.640903527881714E-4
9	38	0.10770539211894167	1.1365948792947028E-4
9	39	0.10619454494565563	7.864591812260101E-5
10	0	0.0	0.0
10	1	0.0	0.0
10	2	0.0	0.0
10	3	0.0	0.0
10	4	0.0	0.0
10	5	0.0	0.0
10	6	0.0	0.0
10	7	0.0	0.0
10	8	0.0	0.0
10	9	0.0	0.0
10	10	0.0	0.0
10	11	0.9177408222249749	0.8043840552427672
10	12	0.9491429235976867	0.7189263425875545
10	13	0.9266414672967753	0.6023884238244038
10	14	0.872546826460029	0.4845516431871731
10	15	0.8019367523074656	0.3789387930625155
10	16	0.7247644484156034	0.29029745052611994
10	17	0.6473879218689016	0.21891622545078449
10	18	0.5736734913281442	0.16304881591346473
10	19	0.5057870145631773	0.12022437876808717
10	20	0.444756994220375	0.08791506666592405
10	21	0.39087176849051947	0.06384216749595586
10	22	0.34395663500253343	0.04608658347451214
10	23	0.30356459111654044	0.03309938652456462
10	24	0.2691053471649836	0.023666327785490743
10	25	0.23993058784325422	0.016855514801331236
10	26	0.21538852499902525	0.011963212366852318
10	27	0.19485715549484497	0.008464691123620496
10	28	0.17776297576769615	0.005972686467013433
10	29	0.16358995974293664	0.004203792040901127
10	30	0.1518821918929581	0.0029520711255421046
10	31	0.14224252311341018	0.002068779382445404
10	32	0.13432888008309812	0.0014470375209165744
10	33	0.12784933196945963	0.001010394018370933
10	34	0.12255664480766397	7.043788595048801E-4
10	35	0.11824279158735192	4.903192414348367E-4
10	36	0.1147337040911803	3.4084380969412085E-4
10	37	0.11188442815103052	2.3663423956959455E-4
10	38	0.10957476063832244	1.6409035278817127E-4
10	39	0.10770539211894155	1.1365948792947016E-4
11	0	0.0	0.0
11	1	0.0	0.0
11	2	0.0	0.0
11	3	0.0	0.0
11	4	0.0	0.0
11	5	0.0	0.0
11	6	0.0	0.0
11	7	0.0	0.0
11	8	0.0	0.0
11	9	0.0	0.0
11	10	0.0	0.0
11	11	0.0	0.0
11	12	0.917740822224975	0.8043840552427673
11	13	0.9491429235976865	0.7189263425875542
11	14	0.9266414672967759	0.6023884238244042
11	15	0.8725468264600287	0.4845516431871729
11	16	0.8019367523074659	0.37893879306251554
11	17	0.7247644484156028	0.2902974505261197
11	18	0.6473879218689017	0.2189162254507845
11	19	0.5736734913281442	0.16304881591346473
11	20	0.5057870145631778	0.12022437876808727
11	21	0.44475699422037507	0.08791506666592405
11	22	0.39087176849051947	0.06384216749595588
11	23	0.3439566350025332	0.04608658347451212
11	24	0.30356459111654055	0.03309938652456462
11	25	0.26910534716498363	0.023666327785490746
11	26	0.23993058784325408	0.01685551480133123
11	27	0.21538852499902525	0.01196321236685232
11	28	0.19485715549484506	0.0084646911236205
11	29	0.17776297576769612	0.005972686467013431
11	30	0.16358995974293666	0.004203792040901128
11	31	0.1518821918929581	0.002952071125542105
11	32	0.14224252311341012	0.0020687793824454037
11	33	0.1343288800830982	0.001447037520916575
11	34	0.1278493319694597	0.0010103940183709334
11	35	0.12255664480766391	7.043788595048798E-4
11	36	0.11824279158735196	4.903192414348368E-4
11	37	0.1147337040911803	3.408438096941209E-4
11	38	0.11188442815103043	2.3663423956959433E-4
11	39	0.10957476063832232	1.640903527881711E-4
12	0	0.0	0.0
12	1	0.0	0.0
12	2	0.0	0.0
12	3	0.0	0.0
12	4	0.0	0.0
12	5	0.0	0.0
12	6	0.0	0.0
12	7	0.0	0.0
12	8	0.0	0.0
12	9	0.0	0.0
12	10	0.0	0.0
12	11	0.0	0.0
12	12	0.0	0.0
12	13	0.9177408222249748	0.804384055242767
12	14	0.949142923597687	0.7189263425875547
12	15	0.9266414672967754	0.6023884238244039
12	16	0.8725468264600289	0.484551643187173
12	17	0.8019367523074652	0.37893879306251527
12	18	0.7247644484156031	0.29029745052611977
12	19	0.6473879218689016	0.21891622545078449
12	20	0.5736734913281445	0.16304881591346485
12	21	0.5057870145631778	0.12022437876808727
12	22	0.44475699422037507	0.08791506666592407
12	23	0.3908717684905193	0.06384216749595584
12	24	0.34395663500253326	0.046086583474512124
12	25	0.30356459111654055	0.03309938652456463
12	26	0.26910534716498347	0.023666327785490736
12	27	0.23993058784325408	0.01685551480133123
12	28	0.21538852499902533	0.011963212366852324
12	29	0.19485715549484503	0.008464691123620497
12	30	0.17776297576769615	0.005972686467013433
12	31	0.1635899597429367	0.0042037920409011284
12	32	0.15188219189295807	0.0029520711255421046
12	33	0.1422425231134102	0.002068779382445404
12	34	0.13432888008309826	0.001447037520916576
12	35	0.12784933196945963	0.001010394018370933
12	36	0.12255664480766396	7.043788595048799E-4
12	37	0.11824279158735197	4.903192414348369E-4
12	38	0.11473370409118022	3.4084380969412063E-4
12	39	0.11188442815103031	2.366342395695941E-4
13	0	0.0	0.0
13	1	0.0	0.0
13	2	0.0	0.0
13	3	0.0	0.0
13	4	0.0	0.0
13	5	0.0	0.0
13	6	0.0	0.0
13	7	0.0	0.0
13	8	0.0	0.0
13	9	0.0	0.0
13	10	0.0	0.0
13	11	0.0	0.0
13	12	0.0	0.0
13	13	0.0	0.0
13	14	0.9177408222249753	0.8043840552427676
13	15	0.9491429235976866	0.7189263425875544
13	16	0.9266414672967757	0.602388423824404
13	17	0.8725468264600282	0.48455164318717264
13	18	0.8019367523074654	0.3789387930625153
13	19	0.7247644484156028	0.2902974505261197
13	20	0.647387921868902	0.21891622545078465
13	21	0.5736734913281446	0.16304881591346485
13	22	0.5057870145631778	0.1202243787680873
13	23	0.4447569942203748	0.08791506666592402
13	24	0.39087176849051936	0.06384216749595585
13	25	0.3439566350025334	0.04608658347451213
13	26	0.30356459111654044	0.033099386524564615
13	27	0.26910534716498347	0.02366632778549074
13	28	0.2399305878432542	0.016855514801331236
13	29	0.21538852499902528	0.01196321236685232
13	30	0.19485715549484506	0.0084646911236205
13	31	0.17776297576769615	0.0059726864670134345
13	32	0.16358995974293664	0.004203792040901128
13	33	0.15188219189295815	0.0029520711255421055
13	34	0.1422425231134103	0.0020687793824454054
13	35	0.1343288800830982	0.0014470375209165753
13	36	0.12784933196945966	0.0010103940183709332
13	37	0.12255664480766397	7.043788595048801E-4
13	38	0.11824279158735188	4.903192414348364E-4
13	39	0.11473370409118008	3.408438096941203E-4
14	0	0.0	0.0
14	1	0.0	0.0
14	2	0.0	0.0
14	3	0.0	0.0
14	4	0.0	0.0
14	5	0.0	0.0
14	6	0.0	0.0
14	7	0.0	0.0
14	8	0.0	0.0
14	9	0.0	0.0
14	10	0.0	0.0
14	11	0.0	0.0
14	12	0.0	0.0
14	13	0.0	0.0
14	14	0.0	0.0
14	15	0.9177408222249749	0.8043840552427672
14	16	0.9491429235976868	0.7189263425875545
14	17	0.926641467296775	0.6023884238244037
14	18	0.8725468264600285	0.4845516431871727
14	19	0.8019367523074652	0.37893879306251527
14	20	0.7247644484156034	0.29029745052611994
14	21	0.6473879218689023	0.21891622545078465
14	22	0.5736734913281446	0.16304881591346487
14	23	0.5057870145631775	0.12022437876808723
14	24	0.4447569942203749	0.08791506666592404
14	25	0.39087176849051947	0.06384216749595586
14	26	0.34395663500253315	0.04608658347451211
14	27	0.30356459111654044	0.033099386524564615
14	28	0.2691053471649836	0.023666327785490746
14	29	0.23993058784325413	0.016855514801331233
14	30	0.21538852499902533	0.011963212366852324
14	31	0.19485715549484509	0.0084646911236205
14	32	0.17776297576769615	0.005972686467013433
14	33	0.16358995974293675	0.0042037920409011284
14	34	0.15188219189295823	0.002952071125542107
14	35	0.1422425231134102	0.0020687793824454045
14	36	0.13432888008309826	0.0014470375209165755
14	37	0.1278493319694597	0.0010103940183709334
14	38	0.12255664480766387	7.043788595048795E-4
14	39	0.11824279158735174	4.903192414348359E-4
15	0	0.0	0.0
15	1	0.0	0.0
15	2	0.0	0.0
15	3	0.0	0.0
15	4	0.0	0.0
15	5	0.0	0.0
15	6	0.0	0.0
15	7	0.0	0.0
15	8	0.0	0.0
15	9	0.0	0.0
15	10	0.0	0.0
15	11	0.0	0.0
15	12	0.0	0.0
15	13	0.0	0.0
15	14	0.0	0.0
15	15	0.0	0.0
15	16	0.9177408222249751	0.8043840552427673
15	17	0.949142923597686	0.718926342587554
15	18	0.9266414672967751	0.6023884238244037
15	19	0.8725468264600282	0.48455164318717264
15	20	0.8019367523074659	0.37893879306251554
15	21	0.7247644484156036	0.29029745052611994
15	22	0.6473879218689023	0.2189162254507847
15	23	0.5736734913281443	0.1630488159134648
15	24	0.5057870145631777	0.12022437876808725
15	25	0.444756994220375	0.08791506666592405
15	26	0.39087176849051924	0.06384216749595584
15	27	0.34395663500253315	0.04608658347451211
15	28	0.30356459111654055	0.03309938652456462
15	29	0.2691053471649835	0.02366632778549074
15	30	0.2399305878432542	0.016855514801331236
15	31	0.21538852499902536	0.011963212366852325
15	32	0.19485715549484503	0.0084646911236205
15	33	0.17776297576769623	0.005972686467013436
15	34	0.1635899597429368	0.004203792040901132
15	35	0.15188219189295815	0.002952071125542106
15	36	0.14224252311341026	0.002068779382445405
15	37	0.13432888008309826	0.001447037520916576
15	38	0.1278493319694596	0.0010103940183709326
15	39	0.12255664480766373	7.043788595048787E-4
16	0	0.0	0.0
16	1	0.0	0.0
16	2	0.0	0.0
16	3	0.0	0.0
16	4	0.0	0.0
16	5	0.0	0.0
16	6	0.0	0.0
16	7	0.0	0.0
16	8	0.0	0.0
16	9	0.0	0.0
16	10	0.0	0.0
16	11	0.0	0.0
16	12	0.0	0.0
16	13	0.0	0.0
16	14	0.0	0.0
16	15	0.0	0.0
16	16	0.0	0.0
16	17	0.9177408222249744	0.8043840552427668
16	18	0.9491429235976863	0.7189263425875542
16	19	0.926641467296775	0.6023884238244036
16	20	0.8725468264600289	0.484551643187173
16	21	0.801936752307466	0.37893879306251554
16	22	0.7247644484156036	0.29029745052612
16	23	0.6473879218689018	0.2189162254507846
16	24	0.5736734913281445	0.16304881591346482
16	25	0.5057870145631778	0.12022437876808727
16	26	0.44475699422037474	0.08791506666592401
16	27	0.39087176849051924	0.06384216749595584
16	28	0.3439566350025333	0.046086583474512124
16	29	0.3035645911165405	0.03309938652456462
16	30	0.2691053471649836	0.023666327785490746
16	31	0.23993058784325422	0.01685551480133124
16	32	0.2153885249990253	0.011963212366852324
16	33	0.19485715549484514	0.008464691123620501
16	34	0.17776297576769629	0.005972686467013439
16	35	0.16358995974293675	0.004203792040901129
16	36	0.1518821918929582	0.0029520711255421063
16	37	0.1422425231134103	0.0020687793824454054
16	38	0.13432888008309815	0.0014470375209165746
16	39	0.12784933196945947	0.0010103940183709315
17	0	0.0	0.0
17	1	0.0	0.0
17	2	0.0	0.0
17	3	0.0	0.0
17	4	0.0	0.0
17	5	0.0	0.0
17	6	0.0	0.0
17	7	0.0	0.0
17	8	0.0	0.0
17	9	0.0	0.0
17	10	0.0	0.0
17	11	0.0	0.0
17	12	0.0	0.0
17	13	0.0	0.0
17	14	0.0	0.0
17	15	0.0	0.0
17	16	0.0	0.0
17	17	0.0	0.0
17	18	0.9177408222249746	0.8043840552427669
17	19	0.949142923597686	0.718926342587554
17	20	0.9266414672967757	0.602388423824404
17	21	0.8725468264600289	0.484551643187173
17	22	0.801936752307466	0.3789387930625156
17	23	0.7247644484156032	0.2902974505261199
17	24	0.647387921868902	0.2189162254507846
17	25	0.5736734913281445	0.16304881591346485
17	26	0.5057870145631774	0.12022437876808721
17	27	0.44475699422037474	0.08791506666592402
17	28	0.3908717684905194	0.06384216749595585
17	29	0.34395663500253326	0.04608658347451212
17	30	0.30356459111654055	0.03309938652456462
17	31	0.26910534716498363	0.02366632778549075
17	32	0.23993058784325416	0.016855514801331236
17	33	0.21538852499902544	0.011963212366852327
17	34	0.19485715549484522	0.008464691123620508
17	35	0.17776297576769623	0.005972686467013436
17	36	0.16358995974293677	0.00420379204090113
17	37	0.15188219189295823	0.002952071125542107
17	38	0.14224252311341018	0.0020687793824454037
17	39	0.134328880083098	0.001447037520916573
18	0	0.0	0.0
18	1	0.0	0.0
18	2	0.0	0.0
18	3	0.0	0.0
18	4	0.0	0.0
18	5	0.0	0.0
18	6	0.0	0.0
18	7	0.0	0.0
18	8	0.0	0.0
18	9	0.0	0.0
18	10	0.0	0.0
18	11	0.0	0.0
18	12	0.0	0.0
18	13	0.0	0.0
18	14	0.0	0.0
18	15	0.0	0.0
18	16	0.0	0.0
18	17	0.0	0.0
18	18	0.0	0.0
18	19	0.9177408222249744	0.8043840552427668
18	20	0.9491429235976868	0.7189263425875545
18	21	0.9266414672967758	0.602388423824404
18	22	0.8725468264600289	0.4845516431871731
18	23	0.8019367523074655	0.37893879306251543
18	24	0.7247644484156033	0.2902974505261199
18	25	0.647387921868902	0.21891622545078465
18	26	0.5736734913281442	0.1630488159134648
18	27	0.5057870145631774	0.12022437876808721
18	28	0.44475699422037496	0.08791506666592404
18	29	0.39087176849051936	0.06384216749595584
18	30	0.3439566350025333	0.046086583474512124
18	31	0.30356459111654055	0.03309938652456463
18	32	0.2691053471649836	0.023666327785490746
18	33	0.2399305878432543	0.01685551480133124
18	34	0.21538852499902553	0.011963212366852334
18	35	0.19485715549484514	0.008464691123620503
18	36	0.17776297576769629	0.005972686467013438
18	37	0.1635899597429368	0.004203792040901132
18	38	0.1518821918929581	0.0029520711255421046
18	39	0.14224252311341	0.0020687793824454015
19	0	0.0	0.0
19	1	0.0	0.0
19	2	0.0	0.0
19	3	0.0	0.0
19	4	0.0	0.0
19	5	0.0	0.0
19	6	0.0	0.0
19	7	0.0	0.0
19	8	0.0	0.0
19	9	0.0	0.0
19	10	0.0	0.0
19	11	0.0	0.0
19	12	0.0	0.0
19	13	0.0	0.0
19	14	0.0	0.0
19	15	0.0	0.0
19	16	0.0	0.0
19	17	0.0	0.0
19	18	0.0	0.0
19	19	0.0	0.0
19	20	0.9177408222249751	0.8043840552427673
19	21	0.9491429235976869	0.7189263425875545
19	22	0.9266414672967758	0.6023884238244042
19	23	0.8725468264600285	0.4845516431871728
19	24	0.8019367523074656	0.3789387930625155
19	25	0.7247644484156034	0.29029745052611994
19	26	0.6473879218689017	0.21891622545078457
19	27	0.5736734913281442	0.1630488159134648
19	28	0.5057870145631777	0.12022437876808727
19	29	0.4447569942203749	0.08791506666592402
19	30	0.3908717684905194	0.06384216749595585
19	31	0.3439566350025334	0.04608658347451214
19	32	0.30356459111654055	0.03309938652456462
19	33	0.2691053471649837	0.023666327785490753
19	34	0.2399305878432544	0.016855514801331253
19	35	0.21538852499902544	0.011963212366852329
19	36	0.19485715549484522	0.008464691123620506
19	37	0.17776297576769629	0.005972686467013439
19	38	0.1635899597429367	0.004203792040901128
19	39	0.15188219189295796	0.0029520711255421016
20	0	0.0	0.0
20	1	0.0	0.0
20	2	0.0	0.0
20	3	0.0	0.0
20	4	0.0	0.0
20	5	0.0	0.0
20	6	0.0	0.0
20	7	0.0	0.0
20	8	0.0	0.0
20	9	0.0	0.0
20	10	0.0	0.0
20	11	0.0	0.0
20	12	0.0	0.0
20	13	0.0	0.0
20	14	0.0	0.0
20	15	0.0	0.0
20	16	0.0	0.0
20	17	0.0	0.0
20	18	0.0	0.0
20	19	0.0	0.0
20	20	0.0	0.0
20	21	0.9177408222249752	0.8043840552427673
20	22	0.9491429235976869	0.7189263425875547
20	23	0.9266414672967752	0.6023884238244039
20	24	0.8725468264600287	0.48455164318717286
20	25	0.8019367523074659	0.37893879306251554
20	26	0.7247644484156031	0.2902974505261198
20	27	0.6473879218689017	0.21891622545078457
20	28	0.5736734913281445	0.16304881591346485
20	29	0.5057870145631775	0.12022437876808723
20	30	0.44475699422037496	0.08791506666592404
20	31	0.39087176849051947	0.06384216749595586
20	32	0.34395663500253326	0.046086583474512124
20	33	0.30356459111654066	0.033099386524564636
20	34	0.2691053471649838	0.023666327785490767
20	35	0.2399305878432543	0.016855514801331243
20	36	0.2153885249990255	0.01196321236685233
20	37	0.19485715549484522	0.008464691123620508
20	38	0.17776297576769615	0.005972686467013434
20	39	0.1635899597429365	0.004203792040901123
21	0	0.0	0.0
21	1	0.0	0.0
21	2	0.0	0.0
21	3	0.0	0.0
21	4	0.0	0.0
21	5	0.0	0.0
21	6	0.0	0.0
21	7	0.0	0.0
21	8	0.0	0.0
21	9	0.0	0.0
21	10	0.0	0.0
21	11	0.0	0.0
21	12	0.0	0.0
21	13	0.0	0.0
21	14	0.0	0.0
21	15	0.0	0.0
21	16	0.0	0.0
21	17	0.0	0.0
21	18	0.0	0.0
21	19	0.0	0.0
21	20	0.0	0.0
21	21	0.0	0.0
21	22	0.9177408222249752	0.8043840552427676
21	23	0.9491429235976864	0.7189263425875543
21	24	0.9266414672967754	0.6023884238244039
21	25	0.8725468264600289	0.484551643187173
21	26	0.8019367523074654	0.3789387930625154
21	27	0.7247644484156031	0.2902974505261198
21	28	0.647387921868902	0.21891622545078462
21	29	0.5736734913281444	0.1630488159134648
21	30	0.5057870145631777	0.12022437876808727
21	31	0.444756994220375	0.08791506666592405
21	32	0.39087176849051936	0.06384216749595585
21	33	0.3439566350025335	0.046086583474512145
21	34	0.3035645911165408	0.03309938652456466
21	35	0.2691053471649837	0.023666327785490757
21	36	0.23993058784325438	0.016855514801331246
21	37	0.21538852499902553	0.011963212366852334
21	38	0.19485715549484509	0.0084646911236205
21	39	0.17776297576769595	0.0059726864670134275
22	0	0.0	0.0
22	1	0.0	0.0
22	2	0.0	0.0
22	3	0.0	0.0
22	4	0.0	0.0
22	5	0.0	0.0
22	6	0.0	0.0
22	7	0.0	0.0
22	8	0.0	0.0
22	9	0.0	0.0
22	10	0.0	0.0
22	11	0.0	0.0
22	12	0.0	0.0
22	13	0.0	0.0
22	14	0.0	0.0
22	15	0.0	0.0
22	16	0.0	0.0
22	17	0.0	0.0
22	18	0.0	0.0
22	19	0.0	0.0
22	20	0.0	0.0
22	21	0.0	0.0
22	22	0.0	0.0
22	23	0.9177408222249747	0.8043840552427671
22	24	0.9491429235976866	0.7189263425875544
22	25	0.9266414672967757	0.602388423824404
22	26	0.8725468264600285	0.48455164318717275
22	27	0.8019367523074654	0.3789387930625154
22	28	0.7247644484156034	0.2902974505261199
22	29	0.6473879218689019	0.2189162254507846
22	30	0.5736734913281445	0.16304881591346485
22	31	0.5057870145631778	0.12022437876808728
22	32	0.4447569942203749	0.08791506666592404
22	33	0.3908717684905196	0.06384216749595588
22	34	0.34395663500253365	0.04608658347451217
22	35	0.30356459111654066	0.03309938652456464
22	36	0.2691053471649838	0.02366632778549076
22	37	0.2399305878432544	0.016855514801331253
22	38	0.21538852499902536	0.011963212366852324
22	39	0.19485715549484486	0.00846469112362049
23	0	0.0	0.0
23	1	0.0	0.0
23	2	0.0	0.0
23	3	0.0	0.0
23	4	0.0	0.0
23	5	0.0	0.0
23	6	0.0	0.0
23	7	0.0	0.0
23	8	0.0	0.0
23	9	0.0	0.0
23	10	0.0	0.0
23	11	0.0	0.0
23	12	0.0	0.0
23	13	0.0	0.0
23	14	0.0	0.0
23	15	0.0	0.0
23	16	0.0	0.0
23	17	0.0	0.0
23	18	0.0	0.0
23	19	0.0	0.0
23	20	0.0	0.0
23	21	0.0	0.0
23	22	0.0	0.0
23	23	0.0	0.0
23	24	0.9177408222249749	0.8043840552427672
23	25	0.9491429235976868	0.7189263425875545
23	26	0.9266414672967751	0.6023884238244037
23	27	0.8725468264600285	0.4845516431871728
23	28	0.8019367523074658	0.3789387930625155
23	29	0.7247644484156033	0.2902974505261199
23	30	0.647387921868902	0.21891622545078462
23	31	0.5736734913281445	0.16304881591346487
23	32	0.5057870145631777	0.12022437876808727
23	33	0.4447569942203752	0.08791506666592408
23	34	0.39087176849051974	0.06384216749595592
23	35	0.3439566350025335	0.04608658347451215
23	36	0.30356459111654077	0.03309938652456465
23	37	0.2691053471649838	0.023666327785490767
23	38	0.23993058784325422	0.016855514801331236
23	39	0.2153885249990251	0.011963212366852312
24	0	0.0	0.0
24	1	0.0	0.0
24	2	0.0	0.0
24	3	0.0	0.0
24	4	0.0	0.0
24	5	0.0	0.0
24	6	0.0	0.0
24	7	0.0	0.0
24	8	0.0	0.0
24	9	0.0	0.0
24	10	0.0	0.0
24	11	0.0	0.0
24	12	0.0	0.0
24	13	0.0	0.0
24	14	0.0	0.0
24	15	0.0	0.0
24	16	0.0	0.0
24	17	0.0	0.0
24	18	0.0	0.0
24	19	0.0	0.0
24	20	0.0	0.0
24	21	0.0	0.0
24	22	0.0	0.0
24	23	0.0	0.0
24	24	0.0	0.0
24	25	0.9177408222249751	0.8043840552427673
24	26	0.9491429235976863	0.7189263425875542
24	27	0.9266414672967751	0.6023884238244038
24	28	0.8725468264600288	0.4845516431871729
24	29	0.8019367523074656	0.3789387930625154
24	30	0.7247644484156034	0.2902974505261199
24	31	0.647387921868902	0.21891622545078468
24	32	0.5736734913281445	0.16304881591346485
24	33	0.5057870145631779	0.12022437876808731
24	34	0.44475699422037535	0.08791506666592412
24	35	0.3908717684905196	0.06384216749595589
24	36	0.3439566350025336	0.046086583474512166
24	37	0.3035645911165408	0.03309938652456466
24	38	0.26910534716498363	0.023666327785490746
24	39	0.23993058784325397	0.01685551480133122
25	0	0.0	0.0
25	1	0.0	0.0
25	2	0.0	0.0
25	3	0.0	0.0
25	4	0.0	0.0
25	5	0.0	0.0
25	6	0.0	0.0
25	7	0.0	0.0
25	8	0.0	0.0
25	9	0.0	0.0
25	10	0.0	0.0
25	11	0.0	0.0
25	12	0.0	0.0
25	13	0.0	0.0
25	14	0.0	0.0
25	15	0.0	0.0
25	16	0.0	0.0
25	17	0.0	0.0
25	18	0.0	0.0
25	19	0.0	0.0
25	20	0.0	0.0
25	21	0.0	0.0
25	22	0.0	0.0
25	23	0.0	0.0
25	24	0.0	0.0
25	25	0.0	0.0
25	26	0.9177408222249746	0.804384055242767
25	27	0.9491429235976863	0.7189263425875542
25	28	0.9266414672967755	0.6023884238244039
25	29	0.8725468264600286	0.4845516431871728
25	30	0.8019367523074658	0.3789387930625155
25	31	0.7247644484156034	0.29029745052612
25	32	0.647387921868902	0.21891622545078462
25	33	0.5736734913281448	0.1630488159134649
25	34	0.5057870145631781	0.12022437876808736
25	35	0.4447569942203752	0.0879150666659241
25	36	0.3908717684905197	0.0638421674959559
25	37	0.34395663500253365	0.04608658347451217
25	38	0.30356459111654055	0.03309938652456463
25	39	0.2691053471649833	0.023666327785490722
26	0	0.0	0.0
26	1	0.0	0.0
26	2	0.0	0.0
26	3	0.0	0.0
26	4	0.0	0.0
26	5	0.0	0.0
26	6	0.0	0.0
26	7	0.0	0.0
26	8	0.0	0.0
26	9	0.0	0.0
26	10	0.0	0.0
26	11	0.0	0.0
26	12	0.0	0.0
26	13	0.0	0.0
26	14	0.0	0.0
26	15	0.0	0.0
26	16	0.0	0.0
26	17	0.0	0.0
26	18	0.0	0.0
26	19	0.0	0.0
26	20	0.0	0.0
26	21	0.0	0.0
26	22	0.0	0.0
26	23	0.0	0.0
26	24	0.0	0.0
26	25	0.0	0.0
26	26	0.0	0.0
26	27	0.9177408222249746	0.804384055242767
26	28	0.9491429235976867	0.7189263425875544
26	29	0.9266414672967753	0.6023884238244038
26	30	0.8725468264600288	0.4845516431871729
26	31	0.8019367523074659	0.3789387930625156
26	32	0.7247644484156033	0.2902974505261199
26	33	0.6473879218689023	0.2189162254507847
26	34	0.5736734913281449	0.16304881591346498
26	35	0.5057870145631779	0.12022437876808732
26	36	0.4447569942203753	0.08791506666592411
26	37	0.39087176849051974	0.06384216749595592
26	38	0.3439566350025334	0.04608658347451213
26	39	0.30356459111654027	0.033099386524564595
27	0	0.0	0.0
27	1	0.0	0.0
27	2	0.0	0.0
27	3	0.0	0.0
27	4	0.0	0.0
27	5	0.0	0.0
27	6	0.0	0.0
27	7	0.0	0.0
27	8	0.0	0.0
27	9	0.0	0.0
27	10	0.0	0.0
27	11	0.0	0.0
27	12	0.0	0.0
27	13	0.0	0.0
27	14	0.0	0.0
27	15	0.0	0.0
27	16	0.0	0.0
27	17	0.0	0.0
27	18	0.0	0.0
27	19	0.0	0.0
27	20	0.0	0.0
27	21	0.0	0.0
27	22	0.0	0.0
27	23	0.0	0.0
27	24	0.0	0.0
27	25	0.0	0.0
27	26	0.0	0.0
27	27	0.0	0.0
27	28	0.917740822224975	0.8043840552427672
27	29	0.9491429235976866	0.7189263425875543
27	30	0.9266414672967755	0.6023884238244039
27	31	0.8725468264600289	0.48455164318717303
27	32	0.8019367523074656	0.3789387930625155
27	33	0.7247644484156037	0.29029745052612005
27	34	0.6473879218689026	0.21891622545078485
27	35	0.5736734913281448	0.16304881591346493
27	36	0.5057870145631781	0.12022437876808735
27	37	0.44475699422037535	0.08791506666592412
27	38	0.39087176849051947	0.06384216749595586
27	39	0.343956635002533	0.04608658347451208
28	0	0.0	0.0
28	1	0.0	0.0
28	2	0.0	0.0
28	3	0.0	0.0
28	4	0.0	0.0
28	5	0.0	0.0
28	6	0.0	0.0
28	7	0.0	0.0
28	8	0.0	0.0
28	9	0.0	0.0
28	10	0.0	0.0
28	11	0.0	0.0
28	12	0.0	0.0
28	13	0.0	0.0
28	14	0.0	0.0
28	15	0.0	0.0
28	16	0.0	0.0
28	17	0.0	0.0
28	18	0.0	0.0
28	19	0.0	0.0
28	20	0.0	0.0
28	21	0.0	0.0
28	22	0.0	0.0
28	23	0.0	0.0
28	24	0.0	0.0
28	25	0.0	0.0
28	26	0.0	0.0
28	27	0.0	0.0
28	28	0.0	0.0
28	29	0.9177408222249749	0.804384055242767
28	30	0.9491429235976867	0.7189263425875544
28	31	0.9266414672967757	0.6023884238244042
28	32	0.8725468264600287	0.4845516431871729
28	33	0.8019367523074661	0.3789387930625157
28	34	0.7247644484156041	0.2902974505261202
28	35	0.6473879218689023	0.21891622545078473
28	36	0.5736734913281449	0.16304881591346496
28	37	0.5057870145631781	0.12022437876808736
28	38	0.444756994220375	0.08791506666592405
28	39	0.390871768490519	0.0638421674959558
29	0	0.0	0.0
29	1	0.0	0.0
29	2	0.0	0.0
29	3	0.0	0.0
29	4	0.0	0.0
29	5	0.0	0.0
29	6	0.0	0.0
29	7	0.0	0.0
29	8	0.0	0.0
29	9	0.0	0.0
29	10	0.0	0.0
29	11	0.0	0.0
29	12	0.0	0.0
29	13	0.0	0.0
29	14	0.0	0.0
29	15	0.0	0.0
29	16	0.0	0.0
29	17	0.0	0.0
29	18	0.0	0.0
29	19	0.0	0.0
29	20	0.0	0.0
29	21	0.0	0.0
29	22	0.0	0.0
29	23	0.0	0.0
29	24	0.0	0.0
29	25	0.0	0.0
29	26	0.0	0.0
29	27	0.0	0.0
29	28	0.0	0.0
29	29	0.0	0.0
29	30	0.917740822224975	0.8043840552427672
29	31	0.9491429235976868	0.7189263425875546
29	32	0.9266414672967754	0.6023884238244039
29	33	0.8725468264600292	0.48455164318717314
29	34	0.8019367523074665	0.3789387930625159
29	35	0.7247644484156037	0.29029745052612005
29	36	0.6473879218689026	0.21891622545078482
29	37	0.5736734913281449	0.16304881591346498
29	38	0.5057870145631778	0.12022437876808727
29	39	0.4447569942203745	0.08791506666592397
30	0	0.0	0.0
30	1	0.0	0.0
30	2	0.0	0.0
30	3	0.0	0.0
30	4	0.0	0.0
30	5	0.0	0.0
30	6	0.0	0.0
30	7	0.0	0.0
30	8	0.0	0.0
30	9	0.0	0.0
30	10	0.0	0.0
30	11	0.0	0.0
30	12	0.0	0.0
30	13	0.0	0.0
30	14	0.0	0.0
30	15	0.0	0.0
30	16	0.0	0.0
30	17	0.0	0.0
30	18	0.0	0.0
30	19	0.0	0.0
30	20	0.0	0.0
30	21	0.0	0.0
30	22	0.0	0.0
30	23	0.0	0.0
30	24	0.0	0.0
30	25	0.0	0.0
30	26	0.0	0.0
30	27	0.0	0.0
30	28	0.0	0.0
30	29	0.0	0.0
30	30	0.0	0.0
30	31	0.9177408222249751	0.8043840552427675
30	32	0.9491429235976866	0.7189263425875544
30	33	0.9266414672967759	0.6023884238244043
30	34	0.8725468264600296	0.4845516431871734
30	35	0.8019367523074661	0.3789387930625157
30	36	0.724764448415604	0.29029745052612016
30	37	0.6473879218689026	0.21891622545078485
30	38	0.5736734913281445	0.16304881591346485
30	39	0.5057870145631772	0.12022437876808714
31	0	0.0	0.0
31	1	0.0	0.0
31	2	0.0	0.0
31	3	0.0	0.0
31	4	0.0	0.0
31	5	0.0	0.0
31	6	0.0	0.0
31	7	0.0	0.0
31	8	0.0	0.0
31	9	0.0	0.0
31	10	0.0	0.0
31	11	0.0	0.0
31	12	0.0	0.0
31	13	0.0	0.0
31	14	0.0	0.0
31	15	0.0	0.0
31	16	0.0	0.0
31	17	0.0	0.0
31	18	0.0	0.0
31	19	0.0	0.0
31	20	0.0	0.0
31	21	0.0	0.0
31	22	0.0	0.0
31	23	0.0	0.0
31	24	0.0	0.0
31	25	0.0	0.0
31	26	0.0	0.0
31	27	0.0	0.0
31	28	0.0	0.0
31	29	0.0	0.0
31	30	0.0	0.0
31	31	0.0	0.0
31	32	0.9177408222249749	0.8043840552427672
31	33	0.9491429235976871	0.7189263425875547
31	34	0.9266414672967764	0.6023884238244046
31	35	0.8725468264600292	0.4845516431871732
31	36	0.8019367523074663	0.37893879306251577
31	37	0.7247644484156041	0.2902974505261202
31	38	0.647387921868902	0.21891622545078465
31	39	0.5736734913281439	0.16304881591346468
32	0	0.0	0.0
32	1	0.0	0.0
32	2	0.0	0.0
32	3	0.0	0.0
32	4	0.0	0.0
32	5	0.0	0.0
32	6	0.0	0.0
32	7	0.0	0.0
32	8	0.0	0.0
32	9	0.0	0.0
32	10	0.0	0.0
32	11	0.0	0.0
32	12	0.0	0.0
32	13	0.0	0.0
32	14	0.0	0.0
32	15	0.0	0.0
32	16	0.0	0.0
32	17	0.0	0.0
32	18	0.0	0.0
32	19	0.0	0.0
32	20	0.0	0.0
32	21	0.0	0.0
32	22	0.0	0.0
32	23	0.0	0.0
32	24	0.0	0.0
32	25	0.0	0.0
32	26	0.0	0.0
32	27	0.0	0.0
32	28	0.0	0.0
32	29	0.0	0.0
32	30	0.0	0.0
32	31	0.0	0.0
32	32	0.0	0.0
32	33	0.9177408222249753	0.8043840552427676
32	34	0.9491429235976876	0.7189263425875552
32	35	0.9266414672967759	0.6023884238244043
32	36	0.8725468264600295	0.4845516431871733
32	37	0.8019367523074665	0.3789387930625159
32	38	0.7247644484156034	0.29029745052611994
32	39	0.6473879218689014	0.2189162254507844
33	0	0.0	0.0
33	1	0.0	0.0
33	2	0.0	0.0
33	3	0.0	0.0
33	4	0.0	0.0
33	5	0.0	0.0
33	6	0.0	0.0
33	7	0.0	0.0
33	8	0.0	0.0
33	9	0.0	0.0
33	10	0.0	0.0
33	11	0.0	0.0
33	12	0.0	0.0
33	13	0.0	0.0
33	14	0.0	0.0
33	15	0.0	0.0
33	16	0.0	0.0
33	17	0.0	0.0
33	18	0.0	0.0
33	19	0.0	0.0
33	20	0.0	0.0
33	21	0.0	0.0
33	22	0.0	0.0
33	23	0.0	0.0
33	24	0.0	0.0
33	25	0.0	0.0
33	26	0.0	0.0
33	27	0.0	0.0
33	28	0.0	0.0
33	29	0.0	0.0
33	30	0.0	0.0
33	31	0.0	0.0
33	32	0.0	0.0
33	33	0.0	0.0
33	34	0.9177408222249759	0.8043840552427681
33	35	0.9491429235976871	0.7189263425875548
33	36	0.9266414672967763	0.6023884238244045
33	37	0.8725468264600296	0.4845516431871734
33	38	0.8019367523074659	0.37893879306251554
33	39	0.7247644484156026	0.29029745052611966
34	0	0.0	0.0
34	1	0.0	0.0
34	2	0.0	0.0
34	3	0.0	0.0
34	4	0.0	0.0
34	5	0.0	0.0
34	6	0.0	0.0
34	7	0.0	0.0
34	8	0.0	0.0
34	9	0.0	0.0
34	10	0.0	0.0
34	11	0.0	0.0
34	12	0.0	0.0
34	13	0.0	0.0
34	14	0.0	0.0
34	15	0.0	0.0
34	16	0.0	0.0
34	17	0.0	0.0
34	18	0.0	0.0
34	19	0.0	0.0
34	20	0.0	0.0
34	21	0.0	0.0
34	22	0.0	0.0
34	23	0.0	0.0
34	24	0.0	0.0
34	25	0.0	0.0
34	26	0.0	0.0
34	27	0.0	0.0
34	28	0.0	0.0
34	29	0.0	0.0
34	30	0.0	0.0
34	31	0.0	0.0
34	32	0.0	0.0
34	33	0.0	0.0
34	34	0.0	0.0
34	35	0.9177408222249753	0.8043840552427677
34	36	0.9491429235976875	0.718926342587555
34	37	0.9266414672967764	0.6023884238244046
34	38	0.8725468264600289	0.484551643187173
34	39	0.801936752307465	0.37893879306251516
35	0	0.0	0.0
35	1	0.0	0.0
35	2	0.0	0.0
35	3	0.0	0.0
35	4	0.0	0.0
35	5	0.0	0.0
35	6	0.0	0.0
35	7	0.0	0.0
35	8	0.0	0.0
35	9	0.0	0.0
35	10	0.0	0.0
35	11	0.0	0.0
35	12	0.0	0.0
35	13	0.0	0.0
35	14	0.0	0.0
35	15	0.0	0.0
35	16	0.0	0.0
35	17	0.0	0.0
35	18	0.0	0.0
35	19	0.0	0.0
35	20	0.0	0.0
35	21	0.0	0.0
35	22	0.0	0.0
35	23	0.0	0.0
35	24	0.0	0.0
35	25	0.0	0.0
35	26	0.0	0.0
35	27	0.0	0.0
35	28	0.0	0.0
35	29	0.0	0.0
35	30	0.0	0.0
35	31	0.0	0.0
35	32	0.0	0.0
35	33	0.0	0.0
35	34	0.0	0.0
35	35	0.0	0.0
35	36	0.9177408222249758	0.8043840552427679
35	37	0.9491429235976876	0.7189263425875552
35	38	0.9266414672967757	0.602388423824404
35	39	0.8725468264600279	0.4845516431871725
36	0	0.0	0.0
36	1	0.0	0.0
36	2	0.0	0.0
36	3	0.0	0.0
36	4	0.0	0.0
36	5	0.0	0.0
36	6	0.0	0.0
36	7	0.0	0.0
36	8	0.0	0.0
36	9	0.0	0.0
36	10	0.0	0.0
36	11	0.0	0.0
36	12	0.0	0.0
36	13	0.0	0.0
36	14	0.0	0.0
36	15	0.0	0.0
36	16	0.0	0.0
36	17	0.0	0.0
36	18	0.0	0.0
36	19	0.0	0.0
36	20	0.0	0.0
36	21	0.0	0.0
36	22	0.0	0.0
36	23	0.0	0.0
36	24	0.0	0.0
36	25	0.0	0.0
36	26	0.0	0.0
36	27	0.0	0.0
36	28	0.0	0.0
36	29	0.0	0.0
36	30	0.0	0.0
36	31	0.0	0.0
36	32	0.0	0.0
36	33	0.0	0.0
36	34	0.0	0.0
36	35	0.0	0.0
36	36	0.0	0.0
36	37	0.9177408222249759	0.8043840552427681
36	38	0.9491429235976868	0.7189263425875545
36	39	0.9266414672967745	0.6023884238244034
37	0	0.0	0.0
37	1	0.0	0.0
37	2	0.0	0.0
37	3	0.0	0.0
37	4	0.0	0.0
37	5	0.0	0.0
37	6	0.0	0.0
37	7	0.0	0.0
37	8	0.0	0.0
37	9	0.0	0.0
37	10	0.0	0.0
37	11	0.0	0.0
37	12	0.0	0.0
37	13	0.0	0.0
37	14	0.0	0.0
37	15	0.0	0.0
37	16	0.0	0.0
37	17	0.0	0.0
37	18	0.0	0.0
37	19	0.0	0.0
37	20	0.0	0.0
37	21	0.0	0.0
37	22	0.0	0.0
37	23	0.0	0.0
37	24	0.0	0.0
37	25	0.0	0.0
37	26	0.0	0.0
37	27	0.0	0.0
37	28	0.0	0.0
37	29	0.0	0.0
37	30	0.0	0.0
37	31	0.0	0.0
37	32	0.0	0.0
37	33	0.0	0.0
37	34	0.0	0.0
37	35	0.0	0.0
37	36	0.0	0.0
37	37	0.0	0.0
37	38	0.9177408222249751	0.8043840552427673
37	39	0.9491429235976857	0.7189263425875537
38	0	0.0	0.0
38	1	0.0	0.0
38	2	0.0	0.0
38	3	0.0	0.0
38	4	0.0	0.0
38	5	0.0	0.0
38	6	0.0	0.0
38	7	0.0	0.0
38	8	0.0	0.0
38	9	0.0	0.0
38	10	0.0	0.0
38	11	0.0	0.0
38	12	0.0	0.0
38	13	0.0	0.0
38	14	0.0	0.0
38	15	0.0	0.0
38	16	0.0	0.0
38	17	0.0	0.0
38	18	0.0	0.0
38	19	0.0	0.0
38	20	0.0	0.0
38	21	0.0	0.0
38	22	0.0	0.0
38	23	0.0	0.0
38	24	0.0	0.0
38	25	0.0	0.0
38	26	0.0	0.0
38	27	0.0	0.0
38	28	0.0	0.0
38	29	0.0	0.0
38	30	0.0	0.0
38	31	0.0	0.0
38	32	0.0	0.0
38	33	0.0	0.0
38	34	0.0	0.0
38	35	0.0	0.0
38	36	0.0	0.0
38	37	0.0	0.0
38	38	0.0	0.0
38	39	0.917740822224974	0.8043840552427665
39	0	0.0	0.0
39	1	0.0	0.0
39	2	0.0	0.0
39	3	0.0	0.0
39	4	0.0	0.0
39	5	0.0	0.0
39	6	0.0	0.0
39	7	0.0	0.0
39	8	0.0	0.0
39	9	0.0	0.0
39	10	0.0	0.0
39	11	0.0	0.0
39	12	0.0	0.0
39	13	0.0	0.0
39	14	0.0	0.0
39	15	0.0	0.0
39	16	0.0	0.0
39	17	0.0	0.0
39	18	0.0	0.0
39	19	0.0	0.0
39	20	0.0	0.0
39	21	0.0	0.0
39	22	0.0	0.0
39	23	0.0	0.0
39	24	0.0	0.0
39	25	0.0	0.0
39	26	0.0	0.0
39	27	0.0	0.0
39	28	0.0	0.0
39	29	0.0	0.0
39	30	0.0	0.0
39	31	0.0	0.0
39	32	0.0	0.0
39	33	0.0	0.0
39	34	0.0	0.0
39	35	0.0	0.0
39	36	0.0	0.0
39	37	0.0	0.0
39	38	0.0	0.0
39	39	0.0	0.0
40	0	0.0	0.0
40	1	0.0	0.0
40	2	0.0	0.0
40	3	0.0	0.0
40	4	0.0	0.0
40	5	0.0	0.0
40	6	0.0	0.0
40	7	0.0	0.0
40	8	0.0	0.0
40	9	0.0	0.0
40	10	0.0	0.0
40	11	0.0	0.0
40	12	0.0	0.0
40	13	0.0	0.0
40	14	0.0	0.0
40	15	0.0	0.0
40	16	0.0	0.0
40	17	0.0	0.0
40	18	0.0	0.0
40	19	0.0	0.0
40	20	0.0	0.0
40	21	0.0	0.0
40	22	0.0	0.0
40	23	0.0	0.0
40	24	0.0	0.0
40	25	0.0	0.0
40	26	0.0	0.0
40	27	0.0	0.0
40	28	0.0	0.0
40	29	0.0	0.0
40	30	0.0	0.0
40	31	0.0	0.0
40	32	0.0	0.0
40	33	0.0	0.0
40	34	0.0	0.0
40	35	0.0	0.0
40	36	0.0	0.0
40	37	0.0	0.0
40	38	0.0	0.0
40	39	0.0	0.0
