Component1	Component2	Covariance
0	0	0.0
0	1	0.0
0	2	0.0
0	3	0.0
0	4	0.0
0	5	0.0
0	6	0.0
0	7	0.0
0	8	0.0
0	9	0.0
0	10	0.0
0	11	0.0
0	12	0.0
0	13	0.0
0	14	0.0
0	15	0.0
0	16	0.0
0	17	0.0
0	18	0.0
0	19	0.0
0	20	0.0
0	21	0.0
0	22	0.0
0	23	0.0
0	24	0.0
0	25	0.0
0	26	0.0
0	27	0.0
0	28	0.0
0	29	0.0
0	30	0.0
0	31	0.0
0	32	0.0
0	33	0.0
0	34	0.0
0	35	0.0
0	36	0.0
0	37	0.0
0	38	0.0
0	39	0.0
0	40	0.0
0	41	0.0
0	42	0.0
0	43	0.0
0	44	0.0
0	45	0.0
0	46	0.0
0	47	0.0
0	48	0.0
0	49	0.0
0	50	0.0
0	51	0.0
0	52	0.0
0	53	0.0
0	54	0.0
0	55	0.0
0	56	0.0
0	57	0.0
0	58	0.0
0	59	0.0
0	60	0.0
0	61	0.0
0	62	0.0
0	63	0.0
0	64	0.0
0	65	0.0
0	66	0.0
0	67	0.0
0	68	0.0
0	69	0.0
0	70	0.0
0	71	0.0
0	72	0.0
0	73	0.0
0	74	0.0
0	75	0.0
0	76	0.0
0	77	0.0
0	78	0.0
0	79	0.0
1	0	0.0
1	1	0.22685087187634295
1	2	0.21253097321158101
1	3	0.1958629076409697
1	4	0.17742327022963836
1	5	0.15770018029704144
1	6	0.1371048989807017
1	7	0.11598203691423939
1	8	0.09461851514872423
1	9	0.07325142416663367
1	10	0.05207490955976318
1	11	0.031246198450852962
1	12	0.010890867840896601
1	13	0.0
1	14	0.0
1	15	0.0
1	16	0.0
1	17	0.0
1	18	0.0
1	19	0.0
1	20	0.0
1	21	0.0
1	22	0.0
1	23	0.0
1	24	0.0
1	25	0.0
1	26	0.0
1	27	0.0
1	28	0.0
1	29	0.0
1	30	0.0
1	31	0.0
1	32	0.0
1	33	0.0
1	34	0.0
1	35	0.0
1	36	0.0
1	37	0.0
1	38	0.0
1	39	0.0
1	40	0.0
1	41	0.0
1	42	0.0
1	43	0.0
1	44	0.0
1	45	0.0
1	46	0.0
1	47	0.0
1	48	0.0
1	49	0.0
1	50	0.0
1	51	0.0
1	52	0.0
1	53	0.0
1	54	0.0
1	55	0.0
1	56	0.0
1	57	0.0
1	58	0.0
1	59	0.0
1	60	0.0
1	61	0.0
1	62	0.0
1	63	0.0
1	64	0.0
1	65	0.0
1	66	0.0
1	67	0.0
1	68	0.0
1	69	0.0
1	70	0.0
1	71	0.0
1	72	0.0
1	73	0.0
1	74	0.0
1	75	0.0
1	76	0.0
1	77	0.0
1	78	0.0
1	79	0.0
2	0	0.0
2	1	0.21253097321158101
2	2	0.19911501419700842
2	3	0.18349911566430413
2	4	0.16622347527428097
2	5	0.14774539994909858
2	6	0.12845019008050276
2	7	0.10866070285099663
2	8	0.08864574749950599
2	9	0.06862744823725098
2	10	0.04878769526913908
2	11	0.02927379079919025
2	12	0.010203384814876025
2	13	0.0
2	14	0.0
2	15	0.0
2	16	0.0
2	17	0.0
2	18	0.0
2	19	0.0
2	20	0.0
2	21	0.0
2	22	0.0
2	23	0.0
2	24	0.0
2	25	0.0
2	26	0.0
2	27	0.0
2	28	0.0
2	29	0.0
2	30	0.0
2	31	0.0
2	32	0.0
2	33	0.0
2	34	0.0
2	35	0.0
2	36	0.0
2	37	0.0
2	38	0.0
2	39	0.0
2	40	0.0
2	41	0.0
2	42	0.0
2	43	0.0
2	44	0.0
2	45	0.0
2	46	0.0
2	47	0.0
2	48	0.0
2	49	0.0
2	50	0.0
2	51	0.0
2	52	0.0
2	53	0.0
2	54	0.0
2	55	0.0
2	56	0.0
2	57	0.0
2	58	0.0
2	59	0.0
2	60	0.0
2	61	0.0
2	62	0.0
2	63	0.0
2	64	0.0
2	65	0.0
2	66	0.0
2	67	0.0
2	68	0.0
2	69	0.0
2	70	0.0
2	71	0.0
2	72	0.0
2	73	0.0
2	74	0.0
2	75	0.0
2	76	0.0
2	77	0.0
2	78	0.0
2	79	0.0
3	0	0.0
3	1	0.1958629076409697
3	2	0.18349911566430416
3	3	0.169107917779952
3	4	0.15318714582366313
3	5	0.13615824172507754
3	6	0.1183762881053405
3	7	0.10013882158023214
3	8	0.08169356961432465
3	9	0.0632452359889522
3	10	0.0449614458924167
3	11	0.026977949128830492
3	12	0.009403168806044113
3	13	0.0
3	14	0.0
3	15	0.0
3	16	0.0
3	17	0.0
3	18	0.0
3	19	0.0
3	20	0.0
3	21	0.0
3	22	0.0
3	23	0.0
3	24	0.0
3	25	0.0
3	26	0.0
3	27	0.0
3	28	0.0
3	29	0.0
3	30	0.0
3	31	0.0
3	32	0.0
3	33	0.0
3	34	0.0
3	35	0.0
3	36	0.0
3	37	0.0
3	38	0.0
3	39	0.0
3	40	0.0
3	41	0.0
3	42	0.0
3	43	0.0
3	44	0.0
3	45	0.0
3	46	0.0
3	47	0.0
3	48	0.0
3	49	0.0
3	50	0.0
3	51	0.0
3	52	0.0
3	53	0.0
3	54	0.0
3	55	0.0
3	56	0.0
3	57	0.0
3	58	0.0
3	59	0.0
3	60	0.0
3	61	0.0
3	62	0.0
3	63	0.0
3	64	0.0
3	65	0.0
3	66	0.0
3	67	0.0
3	68	0.0
3	69	0.0
3	70	0.0
3	71	0.0
3	72	0.0
3	73	0.0
3	74	0.0
3	75	0.0
3	76	0.0
3	77	0.0
3	78	0.0
3	79	0.0
4	0	0.0
4	1	0.17742327022963839
4	2	0.16622347527428097
4	3	0.15318714582366313
4	4	0.13876524502025533
4	5	0.12333953787647983
4	6	0.10723167753536456
4	7	0.09071118883967114
4	8	0.07400247679502046
4	9	0.05729097321568569
4	10	0.040728522110517654
4	11	0.02443809303239767
4	12	0.008517901527061241
4	13	0.0
4	14	0.0
4	15	0.0
4	16	0.0
4	17	0.0
4	18	0.0
4	19	0.0
4	20	0.0
4	21	0.0
4	22	0.0
4	23	0.0
4	24	0.0
4	25	0.0
4	26	0.0
4	27	0.0
4	28	0.0
4	29	0.0
4	30	0.0
4	31	0.0
4	32	0.0
4	33	0.0
4	34	0.0
4	35	0.0
4	36	0.0
4	37	0.0
4	38	0.0
4	39	0.0
4	40	0.0
4	41	0.0
4	42	0.0
4	43	0.0
4	44	0.0
4	45	0.0
4	46	0.0
4	47	0.0
4	48	0.0
4	49	0.0
4	50	0.0
4	51	0.0
4	52	0.0
4	53	0.0
4	54	0.0
4	55	0.0
4	56	0.0
4	57	0.0
4	58	0.0
4	59	0.0
4	60	0.0
4	61	0.0
4	62	0.0
4	63	0.0
4	64	0.0
4	65	0.0
4	66	0.0
4	67	0.0
4	68	0.0
4	69	0.0
4	70	0.0
4	71	0.0
4	72	0.0
4	73	0.0
4	74	0.0
4	75	0.0
4	76	0.0
4	77	0.0
4	78	0.0
4	79	0.0
5	0	0.0
5	1	0.15770018029704144
5	2	0.14774539994909858
5	3	0.1361582417250775
5	4	0.12333953787647983
5	5	0.10962861486940075
5	6	0.0953113695796163
5	7	0.08062736537580428
5	8	0.06577606149349882
5	9	0.05092227639482068
5	10	0.036200974493072635
5	11	0.02172145554716078
5	12	0.007571017064624084
5	13	0.0
5	14	0.0
5	15	0.0
5	16	0.0
5	17	0.0
5	18	0.0
5	19	0.0
5	20	0.0
5	21	0.0
5	22	0.0
5	23	0.0
5	24	0.0
5	25	0.0
5	26	0.0
5	27	0.0
5	28	0.0
5	29	0.0
5	30	0.0
5	31	0.0
5	32	0.0
5	33	0.0
5	34	0.0
5	35	0.0
5	36	0.0
5	37	0.0
5	38	0.0
5	39	0.0
5	40	0.0
5	41	0.0
5	42	0.0
5	43	0.0
5	44	0.0
5	45	0.0
5	46	0.0
5	47	0.0
5	48	0.0
5	49	0.0
5	50	0.0
5	51	0.0
5	52	0.0
5	53	0.0
5	54	0.0
5	55	0.0
5	56	0.0
5	57	0.0
5	58	0.0
5	59	0.0
5	60	0.0
5	61	0.0
5	62	0.0
5	63	0.0
5	64	0.0
5	65	0.0
5	66	0.0
5	67	0.0
5	68	0.0
5	69	0.0
5	70	0.0
5	71	0.0
5	72	0.0
5	73	0.0
5	74	0.0
5	75	0.0
5	76	0.0
5	77	0.0
5	78	0.0
5	79	0.0
6	0	0.0
6	1	0.13710489898070172
6	2	0.1284501900805028
6	3	0.1183762881053405
6	4	0.10723167753536457
6	5	0.09531136957961632
6	6	0.08286392363858812
6	7	0.07009761665527507
6	8	0.05718585894719975
6	9	0.04427194406391076
6	10	0.03147321037634095
6	11	0.01888468334594005
6	12	0.006582259626281023
6	13	0.0
6	14	0.0
6	15	0.0
6	16	0.0
6	17	0.0
6	18	0.0
6	19	0.0
6	20	0.0
6	21	0.0
6	22	0.0
6	23	0.0
6	24	0.0
6	25	0.0
6	26	0.0
6	27	0.0
6	28	0.0
6	29	0.0
6	30	0.0
6	31	0.0
6	32	0.0
6	33	0.0
6	34	0.0
6	35	0.0
6	36	0.0
6	37	0.0
6	38	0.0
6	39	0.0
6	40	0.0
6	41	0.0
6	42	0.0
6	43	0.0
6	44	0.0
6	45	0.0
6	46	0.0
6	47	0.0
6	48	0.0
6	49	0.0
6	50	0.0
6	51	0.0
6	52	0.0
6	53	0.0
6	54	0.0
6	55	0.0
6	56	0.0
6	57	0.0
6	58	0.0
6	59	0.0
6	60	0.0
6	61	0.0
6	62	0.0
6	63	0.0
6	64	0.0
6	65	0.0
6	66	0.0
6	67	0.0
6	68	0.0
6	69	0.0
6	70	0.0
6	71	0.0
6	72	0.0
6	73	0.0
6	74	0.0
6	75	0.0
6	76	0.0
6	77	0.0
6	78	0.0
6	79	0.0
7	0	0.0
7	1	0.11598203691423939
7	2	0.10866070285099665
7	3	0.10013882158023213
7	4	0.09071118883967114
7	5	0.08062736537580428
7	6	0.07009761665527506
7	7	0.059298131744049985
7	8	0.048375604757348416
7	9	0.03745125293741972
7	10	0.02662433709383501
7	11	0.015975242731850418
7	12	0.005568173600141665
7	13	0.0
7	14	0.0
7	15	0.0
7	16	0.0
7	17	0.0
7	18	0.0
7	19	0.0
7	20	0.0
7	21	0.0
7	22	0.0
7	23	0.0
7	24	0.0
7	25	0.0
7	26	0.0
7	27	0.0
7	28	0.0
7	29	0.0
7	30	0.0
7	31	0.0
7	32	0.0
7	33	0.0
7	34	0.0
7	35	0.0
7	36	0.0
7	37	0.0
7	38	0.0
7	39	0.0
7	40	0.0
7	41	0.0
7	42	0.0
7	43	0.0
7	44	0.0
7	45	0.0
7	46	0.0
7	47	0.0
7	48	0.0
7	49	0.0
7	50	0.0
7	51	0.0
7	52	0.0
7	53	0.0
7	54	0.0
7	55	0.0
7	56	0.0
7	57	0.0
7	58	0.0
7	59	0.0
7	60	0.0
7	61	0.0
7	62	0.0
7	63	0.0
7	64	0.0
7	65	0.0
7	66	0.0
7	67	0.0
7	68	0.0
7	69	0.0
7	70	0.0
7	71	0.0
7	72	0.0
7	73	0.0
7	74	0.0
7	75	0.0
7	76	0.0
7	77	0.0
7	78	0.0
7	79	0.0
8	0	0.0
8	1	0.09461851514872423
8	2	0.08864574749950599
8	3	0.08169356961432465
8	4	0.07400247679502048
8	5	0.06577606149349884
8	6	0.05718585894719975
8	7	0.04837560475734842
8	8	0.039464972450401155
8	9	0.030552851438694618
8	10	0.021720219006849378
8	11	0.013032653906102922
8	12	0.004542533759131174
8	13	0.0
8	14	0.0
8	15	0.0
8	16	0.0
8	17	0.0
8	18	0.0
8	19	0.0
8	20	0.0
8	21	0.0
8	22	0.0
8	23	0.0
8	24	0.0
8	25	0.0
8	26	0.0
8	27	0.0
8	28	0.0
8	29	0.0
8	30	0.0
8	31	0.0
8	32	0.0
8	33	0.0
8	34	0.0
8	35	0.0
8	36	0.0
8	37	0.0
8	38	0.0
8	39	0.0
8	40	0.0
8	41	0.0
8	42	0.0
8	43	0.0
8	44	0.0
8	45	0.0
8	46	0.0
8	47	0.0
8	48	0.0
8	49	0.0
8	50	0.0
8	51	0.0
8	52	0.0
8	53	0.0
8	54	0.0
8	55	0.0
8	56	0.0
8	57	0.0
8	58	0.0
8	59	0.0
8	60	0.0
8	61	0.0
8	62	0.0
8	63	0.0
8	64	0.0
8	65	0.0
8	66	0.0
8	67	0.0
8	68	0.0
8	69	0.0
8	70	0.0
8	71	0.0
8	72	0.0
8	73	0.0
8	74	0.0
8	75	0.0
8	76	0.0
8	77	0.0
8	78	0.0
8	79	0.0
9	0	0.0
9	1	0.07325142416663367
9	2	0.06862744823725099
9	3	0.0632452359889522
9	4	0.057290973215685694
9	5	0.050922276394820686
9	6	0.044271944063910766
9	7	0.03745125293741973
9	8	0.030552851438694618
9	9	0.02365329741983527
9	10	0.0168152815858721
9	11	0.010089573460250528
9	12	0.0035167225638486166
9	13	0.0
9	14	0.0
9	15	0.0
9	16	0.0
9	17	0.0
9	18	0.0
9	19	0.0
9	20	0.0
9	21	0.0
9	22	0.0
9	23	0.0
9	24	0.0
9	25	0.0
9	26	0.0
9	27	0.0
9	28	0.0
9	29	0.0
9	30	0.0
9	31	0.0
9	32	0.0
9	33	0.0
9	34	0.0
9	35	0.0
9	36	0.0
9	37	0.0
9	38	0.0
9	39	0.0
9	40	0.0
9	41	0.0
9	42	0.0
9	43	0.0
9	44	0.0
9	45	0.0
9	46	0.0
9	47	0.0
9	48	0.0
9	49	0.0
9	50	0.0
9	51	0.0
9	52	0.0
9	53	0.0
9	54	0.0
9	55	0.0
9	56	0.0
9	57	0.0
9	58	0.0
9	59	0.0
9	60	0.0
9	61	0.0
9	62	0.0
9	63	0.0
9	64	0.0
9	65	0.0
9	66	0.0
9	67	0.0
9	68	0.0
9	69	0.0
9	70	0.0
9	71	0.0
9	72	0.0
9	73	0.0
9	74	0.0
9	75	0.0
9	76	0.0
9	77	0.0
9	78	0.0
9	79	0.0
10	0	0.0
10	1	0.05207490955976318
10	2	0.048787695269139085
10	3	0.0449614458924167
10	4	0.04072852211051766
10	5	0.03620097449307264
10	6	0.03147321037634095
10	7	0.026624337093835014
10	8	0.021720219006849378
10	9	0.0168152815858721
10	10	0.011954092057163098
10	11	0.007172742802159212
10	12	0.002500060736602211
10	13	0.0
10	14	0.0
10	15	0.0
10	16	0.0
10	17	0.0
10	18	0.0
10	19	0.0
10	20	0.0
10	21	0.0
10	22	0.0
10	23	0.0
10	24	0.0
10	25	0.0
10	26	0.0
10	27	0.0
10	28	0.0
10	29	0.0
10	30	0.0
10	31	0.0
10	32	0.0
10	33	0.0
10	34	0.0
10	35	0.0
10	36	0.0
10	37	0.0
10	38	0.0
10	39	0.0
10	40	0.0
10	41	0.0
10	42	0.0
10	43	0.0
10	44	0.0
10	45	0.0
10	46	0.0
10	47	0.0
10	48	0.0
10	49	0.0
10	50	0.0
10	51	0.0
10	52	0.0
10	53	0.0
10	54	0.0
10	55	0.0
10	56	0.0
10	57	0.0
10	58	0.0
10	59	0.0
10	60	0.0
10	61	0.0
10	62	0.0
10	63	0.0
10	64	0.0
10	65	0.0
10	66	0.0
10	67	0.0
10	68	0.0
10	69	0.0
10	70	0.0
10	71	0.0
10	72	0.0
10	73	0.0
10	74	0.0
10	75	0.0
10	76	0.0
10	77	0.0
10	78	0.0
10	79	0.0
11	0	0.0
11	1	0.031246198450852962
11	2	0.029273790799190253
11	3	0.026977949128830492
11	4	0.02443809303239767
11	5	0.02172145554716078
11	6	0.018884683345940047
11	7	0.015975242731850418
11	8	0.013032653906102922
11	9	0.010089573460250526
11	10	0.007172742802159212
11	11	0.004303818228930076
11	12	0.0015000965834690077
11	13	0.0
11	14	0.0
11	15	0.0
11	16	0.0
11	17	0.0
11	18	0.0
11	19	0.0
11	20	0.0
11	21	0.0
11	22	0.0
11	23	0.0
11	24	0.0
11	25	0.0
11	26	0.0
11	27	0.0
11	28	0.0
11	29	0.0
11	30	0.0
11	31	0.0
11	32	0.0
11	33	0.0
11	34	0.0
11	35	0.0
11	36	0.0
11	37	0.0
11	38	0.0
11	39	0.0
11	40	0.0
11	41	0.0
11	42	0.0
11	43	0.0
11	44	0.0
11	45	0.0
11	46	0.0
11	47	0.0
11	48	0.0
11	49	0.0
11	50	0.0
11	51	0.0
11	52	0.0
11	53	0.0
11	54	0.0
11	55	0.0
11	56	0.0
11	57	0.0
11	58	0.0
11	59	0.0
11	60	0.0
11	61	0.0
11	62	0.0
11	63	0.0
11	64	0.0
11	65	0.0
11	66	0.0
11	67	0.0
11	68	0.0
11	69	0.0
11	70	0.0
11	71	0.0
11	72	0.0
11	73	0.0
11	74	0.0
11	75	0.0
11	76	0.0
11	77	0.0
11	78	0.0
11	79	0.0
12	0	0.0
12	1	0.010890867840896601
12	2	0.010203384814876025
12	3	0.009403168806044113
12	4	0.008517901527061241
12	5	0.007571017064624084
12	6	0.006582259626281022
12	7	0.005568173600141665
12	8	0.004542533759131174
12	9	0.003516722563848616
12	10	0.002500060736602211
12	11	0.0015000965834690077
12	12	5.228589220169759E-4
12	13	0.0
12	14	0.0
12	15	0.0
12	16	0.0
12	17	0.0
12	18	0.0
12	19	0.0
12	20	0.0
12	21	0.0
12	22	0.0
12	23	0.0
12	24	0.0
12	25	0.0
12	26	0.0
12	27	0.0
12	28	0.0
12	29	0.0
12	30	0.0
12	31	0.0
12	32	0.0
12	33	0.0
12	34	0.0
12	35	0.0
12	36	0.0
12	37	0.0
12	38	0.0
12	39	0.0
12	40	0.0
12	41	0.0
12	42	0.0
12	43	0.0
12	44	0.0
12	45	0.0
12	46	0.0
12	47	0.0
12	48	0.0
12	49	0.0
12	50	0.0
12	51	0.0
12	52	0.0
12	53	0.0
12	54	0.0
12	55	0.0
12	56	0.0
12	57	0.0
12	58	0.0
12	59	0.0
12	60	0.0
12	61	0.0
12	62	0.0
12	63	0.0
12	64	0.0
12	65	0.0
12	66	0.0
12	67	0.0
12	68	0.0
12	69	0.0
12	70	0.0
12	71	0.0
12	72	0.0
12	73	0.0
12	74	0.0
12	75	0.0
12	76	0.0
12	77	0.0
12	78	0.0
12	79	0.0
13	0	0.0
13	1	0.0
13	2	0.0
13	3	0.0
13	4	0.0
13	5	0.0
13	6	0.0
13	7	0.0
13	8	0.0
13	9	0.0
13	10	0.0
13	11	0.0
13	12	0.0
13	13	0.0
13	14	0.0
13	15	0.0
13	16	0.0
13	17	0.0
13	18	0.0
13	19	0.0
13	20	0.0
13	21	0.0
13	22	0.0
13	23	0.0
13	24	0.0
13	25	0.0
13	26	0.0
13	27	0.0
13	28	0.0
13	29	0.0
13	30	0.0
13	31	0.0
13	32	0.0
13	33	0.0
13	34	0.0
13	35	0.0
13	36	0.0
13	37	0.0
13	38	0.0
13	39	0.0
13	40	0.0
13	41	0.0
13	42	0.0
13	43	0.0
13	44	0.0
13	45	0.0
13	46	0.0
13	47	0.0
13	48	0.0
13	49	0.0
13	50	0.0
13	51	0.0
13	52	0.0
13	53	0.0
13	54	0.0
13	55	0.0
13	56	0.0
13	57	0.0
13	58	0.0
13	59	0.0
13	60	0.0
13	61	0.0
13	62	0.0
13	63	0.0
13	64	0.0
13	65	0.0
13	66	0.0
13	67	0.0
13	68	0.0
13	69	0.0
13	70	0.0
13	71	0.0
13	72	0.0
13	73	0.0
13	74	0.0
13	75	0.0
13	76	0.0
13	77	0.0
13	78	0.0
13	79	0.0
14	0	0.0
14	1	0.0
14	2	0.0
14	3	0.0
14	4	0.0
14	5	0.0
14	6	0.0
14	7	0.0
14	8	0.0
14	9	0.0
14	10	0.0
14	11	0.0
14	12	0.0
14	13	0.0
14	14	0.0
14	15	0.0
14	16	0.0
14	17	0.0
14	18	0.0
14	19	0.0
14	20	0.0
14	21	0.0
14	22	0.0
14	23	0.0
14	24	0.0
14	25	0.0
14	26	0.0
14	27	0.0
14	28	0.0
14	29	0.0
14	30	0.0
14	31	0.0
14	32	0.0
14	33	0.0
14	34	0.0
14	35	0.0
14	36	0.0
14	37	0.0
14	38	0.0
14	39	0.0
14	40	0.0
14	41	0.0
14	42	0.0
14	43	0.0
14	44	0.0
14	45	0.0
14	46	0.0
14	47	0.0
14	48	0.0
14	49	0.0
14	50	0.0
14	51	0.0
14	52	0.0
14	53	0.0
14	54	0.0
14	55	0.0
14	56	0.0
14	57	0.0
14	58	0.0
14	59	0.0
14	60	0.0
14	61	0.0
14	62	0.0
14	63	0.0
14	64	0.0
14	65	0.0
14	66	0.0
14	67	0.0
14	68	0.0
14	69	0.0
14	70	0.0
14	71	0.0
14	72	0.0
14	73	0.0
14	74	0.0
14	75	0.0
14	76	0.0
14	77	0.0
14	78	0.0
14	79	0.0
15	0	0.0
15	1	0.0
15	2	0.0
15	3	0.0
15	4	0.0
15	5	0.0
15	6	0.0
15	7	0.0
15	8	0.0
15	9	0.0
15	10	0.0
15	11	0.0
15	12	0.0
15	13	0.0
15	14	0.0
15	15	0.0
15	16	0.0
15	17	0.0
15	18	0.0
15	19	0.0
15	20	0.0
15	21	0.0
15	22	0.0
15	23	0.0
15	24	0.0
15	25	0.0
15	26	0.0
15	27	0.0
15	28	0.0
15	29	0.0
15	30	0.0
15	31	0.0
15	32	0.0
15	33	0.0
15	34	0.0
15	35	0.0
15	36	0.0
15	37	0.0
15	38	0.0
15	39	0.0
15	40	0.0
15	41	0.0
15	42	0.0
15	43	0.0
15	44	0.0
15	45	0.0
15	46	0.0
15	47	0.0
15	48	0.0
15	49	0.0
15	50	0.0
15	51	0.0
15	52	0.0
15	53	0.0
15	54	0.0
15	55	0.0
15	56	0.0
15	57	0.0
15	58	0.0
15	59	0.0
15	60	0.0
15	61	0.0
15	62	0.0
15	63	0.0
15	64	0.0
15	65	0.0
15	66	0.0
15	67	0.0
15	68	0.0
15	69	0.0
15	70	0.0
15	71	0.0
15	72	0.0
15	73	0.0
15	74	0.0
15	75	0.0
15	76	0.0
15	77	0.0
15	78	0.0
15	79	0.0
16	0	0.0
16	1	0.0
16	2	0.0
16	3	0.0
16	4	0.0
16	5	0.0
16	6	0.0
16	7	0.0
16	8	0.0
16	9	0.0
16	10	0.0
16	11	0.0
16	12	0.0
16	13	0.0
16	14	0.0
16	15	0.0
16	16	0.0
16	17	0.0
16	18	0.0
16	19	0.0
16	20	0.0
16	21	0.0
16	22	0.0
16	23	0.0
16	24	0.0
16	25	0.0
16	26	0.0
16	27	0.0
16	28	0.0
16	29	0.0
16	30	0.0
16	31	0.0
16	32	0.0
16	33	0.0
16	34	0.0
16	35	0.0
16	36	0.0
16	37	0.0
16	38	0.0
16	39	0.0
16	40	0.0
16	41	0.0
16	42	0.0
16	43	0.0
16	44	0.0
16	45	0.0
16	46	0.0
16	47	0.0
16	48	0.0
16	49	0.0
16	50	0.0
16	51	0.0
16	52	0.0
16	53	0.0
16	54	0.0
16	55	0.0
16	56	0.0
16	57	0.0
16	58	0.0
16	59	0.0
16	60	0.0
16	61	0.0
16	62	0.0
16	63	0.0
16	64	0.0
16	65	0.0
16	66	0.0
16	67	0.0
16	68	0.0
16	69	0.0
16	70	0.0
16	71	0.0
16	72	0.0
16	73	0.0
16	74	0.0
16	75	0.0
16	76	0.0
16	77	0.0
16	78	0.0
16	79	0.0
17	0	0.0
17	1	0.0
17	2	0.0
17	3	0.0
17	4	0.0
17	5	0.0
17	6	0.0
17	7	0.0
17	8	0.0
17	9	0.0
17	10	0.0
17	11	0.0
17	12	0.0
17	13	0.0
17	14	0.0
17	15	0.0
17	16	0.0
17	17	0.0
17	18	0.0
17	19	0.0
17	20	0.0
17	21	0.0
17	22	0.0
17	23	0.0
17	24	0.0
17	25	0.0
17	26	0.0
17	27	0.0
17	28	0.0
17	29	0.0
17	30	0.0
17	31	0.0
17	32	0.0
17	33	0.0
17	34	0.0
17	35	0.0
17	36	0.0
17	37	0.0
17	38	0.0
17	39	0.0
17	40	0.0
17	41	0.0
17	42	0.0
17	43	0.0
17	44	0.0
17	45	0.0
17	46	0.0
17	47	0.0
17	48	0.0
17	49	0.0
17	50	0.0
17	51	0.0
17	52	0.0
17	53	0.0
17	54	0.0
17	55	0.0
17	56	0.0
17	57	0.0
17	58	0.0
17	59	0.0
17	60	0.0
17	61	0.0
17	62	0.0
17	63	0.0
17	64	0.0
17	65	0.0
17	66	0.0
17	67	0.0
17	68	0.0
17	69	0.0
17	70	0.0
17	71	0.0
17	72	0.0
17	73	0.0
17	74	0.0
17	75	0.0
17	76	0.0
17	77	0.0
17	78	0.0
17	79	0.0
18	0	0.0
18	1	0.0
18	2	0.0
18	3	0.0
18	4	0.0
18	5	0.0
18	6	0.0
18	7	0.0
18	8	0.0
18	9	0.0
18	10	0.0
18	11	0.0
18	12	0.0
18	13	0.0
18	14	0.0
18	15	0.0
18	16	0.0
18	17	0.0
18	18	0.0
18	19	0.0
18	20	0.0
18	21	0.0
18	22	0.0
18	23	0.0
18	24	0.0
18	25	0.0
18	26	0.0
18	27	0.0
18	28	0.0
18	29	0.0
18	30	0.0
18	31	0.0
18	32	0.0
18	33	0.0
18	34	0.0
18	35	0.0
18	36	0.0
18	37	0.0
18	38	0.0
18	39	0.0
18	40	0.0
18	41	0.0
18	42	0.0
18	43	0.0
18	44	0.0
18	45	0.0
18	46	0.0
18	47	0.0
18	48	0.0
18	49	0.0
18	50	0.0
18	51	0.0
18	52	0.0
18	53	0.0
18	54	0.0
18	55	0.0
18	56	0.0
18	57	0.0
18	58	0.0
18	59	0.0
18	60	0.0
18	61	0.0
18	62	0.0
18	63	0.0
18	64	0.0
18	65	0.0
18	66	0.0
18	67	0.0
18	68	0.0
18	69	0.0
18	70	0.0
18	71	0.0
18	72	0.0
18	73	0.0
18	74	0.0
18	75	0.0
18	76	0.0
18	77	0.0
18	78	0.0
18	79	0.0
19	0	0.0
19	1	0.0
19	2	0.0
19	3	0.0
19	4	0.0
19	5	0.0
19	6	0.0
19	7	0.0
19	8	0.0
19	9	0.0
19	10	0.0
19	11	0.0
19	12	0.0
19	13	0.0
19	14	0.0
19	15	0.0
19	16	0.0
19	17	0.0
19	18	0.0
19	19	0.0
19	20	0.0
19	21	0.0
19	22	0.0
19	23	0.0
19	24	0.0
19	25	0.0
19	26	0.0
19	27	0.0
19	28	0.0
19	29	0.0
19	30	0.0
19	31	0.0
19	32	0.0
19	33	0.0
19	34	0.0
19	35	0.0
19	36	0.0
19	37	0.0
19	38	0.0
19	39	0.0
19	40	0.0
19	41	0.0
19	42	0.0
19	43	0.0
19	44	0.0
19	45	0.0
19	46	0.0
19	47	0.0
19	48	0.0
19	49	0.0
19	50	0.0
19	51	0.0
19	52	0.0
19	53	0.0
19	54	0.0
19	55	0.0
19	56	0.0
19	57	0.0
19	58	0.0
19	59	0.0
19	60	0.0
19	61	0.0
19	62	0.0
19	63	0.0
19	64	0.0
19	65	0.0
19	66	0.0
19	67	0.0
19	68	0.0
19	69	0.0
19	70	0.0
19	71	0.0
19	72	0.0
19	73	0.0
19	74	0.0
19	75	0.0
19	76	0.0
19	77	0.0
19	78	0.0
19	79	0.0
20	0	0.0
20	1	0.0
20	2	0.0
20	3	0.0
20	4	0.0
20	5	0.0
20	6	0.0
20	7	0.0
20	8	0.0
20	9	0.0
20	10	0.0
20	11	0.0
20	12	0.0
20	13	0.0
20	14	0.0
20	15	0.0
20	16	0.0
20	17	0.0
20	18	0.0
20	19	0.0
20	20	0.0
20	21	0.0
20	22	0.0
20	23	0.0
20	24	0.0
20	25	0.0
20	26	0.0
20	27	0.0
20	28	0.0
20	29	0.0
20	30	0.0
20	31	0.0
20	32	0.0
20	33	0.0
20	34	0.0
20	35	0.0
20	36	0.0
20	37	0.0
20	38	0.0
20	39	0.0
20	40	0.0
20	41	0.0
20	42	0.0
20	43	0.0
20	44	0.0
20	45	0.0
20	46	0.0
20	47	0.0
20	48	0.0
20	49	0.0
20	50	0.0
20	51	0.0
20	52	0.0
20	53	0.0
20	54	0.0
20	55	0.0
20	56	0.0
20	57	0.0
20	58	0.0
20	59	0.0
20	60	0.0
20	61	0.0
20	62	0.0
20	63	0.0
20	64	0.0
20	65	0.0
20	66	0.0
20	67	0.0
20	68	0.0
20	69	0.0
20	70	0.0
20	71	0.0
20	72	0.0
20	73	0.0
20	74	0.0
20	75	0.0
20	76	0.0
20	77	0.0
20	78	0.0
20	79	0.0
21	0	0.0
21	1	0.0
21	2	0.0
21	3	0.0
21	4	0.0
21	5	0.0
21	6	0.0
21	7	0.0
21	8	0.0
21	9	0.0
21	10	0.0
21	11	0.0
21	12	0.0
21	13	0.0
21	14	0.0
21	15	0.0
21	16	0.0
21	17	0.0
21	18	0.0
21	19	0.0
21	20	0.0
21	21	0.0
21	22	0.0
21	23	0.0
21	24	0.0
21	25	0.0
21	26	0.0
21	27	0.0
21	28	0.0
21	29	0.0
21	30	0.0
21	31	0.0
21	32	0.0
21	33	0.0
21	34	0.0
21	35	0.0
21	36	0.0
21	37	0.0
21	38	0.0
21	39	0.0
21	40	0.0
21	41	0.0
21	42	0.0
21	43	0.0
21	44	0.0
21	45	0.0
21	46	0.0
21	47	0.0
21	48	0.0
21	49	0.0
21	50	0.0
21	51	0.0
21	52	0.0
21	53	0.0
21	54	0.0
21	55	0.0
21	56	0.0
21	57	0.0
21	58	0.0
21	59	0.0
21	60	0.0
21	61	0.0
21	62	0.0
21	63	0.0
21	64	0.0
21	65	0.0
21	66	0.0
21	67	0.0
21	68	0.0
21	69	0.0
21	70	0.0
21	71	0.0
21	72	0.0
21	73	0.0
21	74	0.0
21	75	0.0
21	76	0.0
21	77	0.0
21	78	0.0
21	79	0.0
22	0	0.0
22	1	0.0
22	2	0.0
22	3	0.0
22	4	0.0
22	5	0.0
22	6	0.0
22	7	0.0
22	8	0.0
22	9	0.0
22	10	0.0
22	11	0.0
22	12	0.0
22	13	0.0
22	14	0.0
22	15	0.0
22	16	0.0
22	17	0.0
22	18	0.0
22	19	0.0
22	20	0.0
22	21	0.0
22	22	0.0
22	23	0.0
22	24	0.0
22	25	0.0
22	26	0.0
22	27	0.0
22	28	0.0
22	29	0.0
22	30	0.0
22	31	0.0
22	32	0.0
22	33	0.0
22	34	0.0
22	35	0.0
22	36	0.0
22	37	0.0
22	38	0.0
22	39	0.0
22	40	0.0
22	41	0.0
22	42	0.0
22	43	0.0
22	44	0.0
22	45	0.0
22	46	0.0
22	47	0.0
22	48	0.0
22	49	0.0
22	50	0.0
22	51	0.0
22	52	0.0
22	53	0.0
22	54	0.0
22	55	0.0
22	56	0.0
22	57	0.0
22	58	0.0
22	59	0.0
22	60	0.0
22	61	0.0
22	62	0.0
22	63	0.0
22	64	0.0
22	65	0.0
22	66	0.0
22	67	0.0
22	68	0.0
22	69	0.0
22	70	0.0
22	71	0.0
22	72	0.0
22	73	0.0
22	74	0.0
22	75	0.0
22	76	0.0
22	77	0.0
22	78	0.0
22	79	0.0
23	0	0.0
23	1	0.0
23	2	0.0
23	3	0.0
23	4	0.0
23	5	0.0
23	6	0.0
23	7	0.0
23	8	0.0
23	9	0.0
23	10	0.0
23	11	0.0
23	12	0.0
23	13	0.0
23	14	0.0
23	15	0.0
23	16	0.0
23	17	0.0
23	18	0.0
23	19	0.0
23	20	0.0
23	21	0.0
23	22	0.0
23	23	0.0
23	24	0.0
23	25	0.0
23	26	0.0
23	27	0.0
23	28	0.0
23	29	0.0
23	30	0.0
23	31	0.0
23	32	0.0
23	33	0.0
23	34	0.0
23	35	0.0
23	36	0.0
23	37	0.0
23	38	0.0
23	39	0.0
23	40	0.0
23	41	0.0
23	42	0.0
23	43	0.0
23	44	0.0
23	45	0.0
23	46	0.0
23	47	0.0
23	48	0.0
23	49	0.0
23	50	0.0
23	51	0.0
23	52	0.0
23	53	0.0
23	54	0.0
23	55	0.0
23	56	0.0
23	57	0.0
23	58	0.0
23	59	0.0
23	60	0.0
23	61	0.0
23	62	0.0
23	63	0.0
23	64	0.0
23	65	0.0
23	66	0.0
23	67	0.0
23	68	0.0
23	69	0.0
23	70	0.0
23	71	0.0
23	72	0.0
23	73	0.0
23	74	0.0
23	75	0.0
23	76	0.0
23	77	0.0
23	78	0.0
23	79	0.0
24	0	0.0
24	1	0.0
24	2	0.0
24	3	0.0
24	4	0.0
24	5	0.0
24	6	0.0
24	7	0.0
24	8	0.0
24	9	0.0
24	10	0.0
24	11	0.0
24	12	0.0
24	13	0.0
24	14	0.0
24	15	0.0
24	16	0.0
24	17	0.0
24	18	0.0
24	19	0.0
24	20	0.0
24	21	0.0
24	22	0.0
24	23	0.0
24	24	0.0
24	25	0.0
24	26	0.0
24	27	0.0
24	28	0.0
24	29	0.0
24	30	0.0
24	31	0.0
24	32	0.0
24	33	0.0
24	34	0.0
24	35	0.0
24	36	0.0
24	37	0.0
24	38	0.0
24	39	0.0
24	40	0.0
24	41	0.0
24	42	0.0
24	43	0.0
24	44	0.0
24	45	0.0
24	46	0.0
24	47	0.0
24	48	0.0
24	49	0.0
24	50	0.0
24	51	0.0
24	52	0.0
24	53	0.0
24	54	0.0
24	55	0.0
24	56	0.0
24	57	0.0
24	58	0.0
24	59	0.0
24	60	0.0
24	61	0.0
24	62	0.0
24	63	0.0
24	64	0.0
24	65	0.0
24	66	0.0
24	67	0.0
24	68	0.0
24	69	0.0
24	70	0.0
24	71	0.0
24	72	0.0
24	73	0.0
24	74	0.0
24	75	0.0
24	76	0.0
24	77	0.0
24	78	0.0
24	79	0.0
25	0	0.0
25	1	0.0
25	2	0.0
25	3	0.0
25	4	0.0
25	5	0.0
25	6	0.0
25	7	0.0
25	8	0.0
25	9	0.0
25	10	0.0
25	11	0.0
25	12	0.0
25	13	0.0
25	14	0.0
25	15	0.0
25	16	0.0
25	17	0.0
25	18	0.0
25	19	0.0
25	20	0.0
25	21	0.0
25	22	0.0
25	23	0.0
25	24	0.0
25	25	0.0
25	26	0.0
25	27	0.0
25	28	0.0
25	29	0.0
25	30	0.0
25	31	0.0
25	32	0.0
25	33	0.0
25	34	0.0
25	35	0.0
25	36	0.0
25	37	0.0
25	38	0.0
25	39	0.0
25	40	0.0
25	41	0.0
25	42	0.0
25	43	0.0
25	44	0.0
25	45	0.0
25	46	0.0
25	47	0.0
25	48	0.0
25	49	0.0
25	50	0.0
25	51	0.0
25	52	0.0
25	53	0.0
25	54	0.0
25	55	0.0
25	56	0.0
25	57	0.0
25	58	0.0
25	59	0.0
25	60	0.0
25	61	0.0
25	62	0.0
25	63	0.0
25	64	0.0
25	65	0.0
25	66	0.0
25	67	0.0
25	68	0.0
25	69	0.0
25	70	0.0
25	71	0.0
25	72	0.0
25	73	0.0
25	74	0.0
25	75	0.0
25	76	0.0
25	77	0.0
25	78	0.0
25	79	0.0
26	0	0.0
26	1	0.0
26	2	0.0
26	3	0.0
26	4	0.0
26	5	0.0
26	6	0.0
26	7	0.0
26	8	0.0
26	9	0.0
26	10	0.0
26	11	0.0
26	12	0.0
26	13	0.0
26	14	0.0
26	15	0.0
26	16	0.0
26	17	0.0
26	18	0.0
26	19	0.0
26	20	0.0
26	21	0.0
26	22	0.0
26	23	0.0
26	24	0.0
26	25	0.0
26	26	0.0
26	27	0.0
26	28	0.0
26	29	0.0
26	30	0.0
26	31	0.0
26	32	0.0
26	33	0.0
26	34	0.0
26	35	0.0
26	36	0.0
26	37	0.0
26	38	0.0
26	39	0.0
26	40	0.0
26	41	0.0
26	42	0.0
26	43	0.0
26	44	0.0
26	45	0.0
26	46	0.0
26	47	0.0
26	48	0.0
26	49	0.0
26	50	0.0
26	51	0.0
26	52	0.0
26	53	0.0
26	54	0.0
26	55	0.0
26	56	0.0
26	57	0.0
26	58	0.0
26	59	0.0
26	60	0.0
26	61	0.0
26	62	0.0
26	63	0.0
26	64	0.0
26	65	0.0
26	66	0.0
26	67	0.0
26	68	0.0
26	69	0.0
26	70	0.0
26	71	0.0
26	72	0.0
26	73	0.0
26	74	0.0
26	75	0.0
26	76	0.0
26	77	0.0
26	78	0.0
26	79	0.0
27	0	0.0
27	1	0.0
27	2	0.0
27	3	0.0
27	4	0.0
27	5	0.0
27	6	0.0
27	7	0.0
27	8	0.0
27	9	0.0
27	10	0.0
27	11	0.0
27	12	0.0
27	13	0.0
27	14	0.0
27	15	0.0
27	16	0.0
27	17	0.0
27	18	0.0
27	19	0.0
27	20	0.0
27	21	0.0
27	22	0.0
27	23	0.0
27	24	0.0
27	25	0.0
27	26	0.0
27	27	0.0
27	28	0.0
27	29	0.0
27	30	0.0
27	31	0.0
27	32	0.0
27	33	0.0
27	34	0.0
27	35	0.0
27	36	0.0
27	37	0.0
27	38	0.0
27	39	0.0
27	40	0.0
27	41	0.0
27	42	0.0
27	43	0.0
27	44	0.0
27	45	0.0
27	46	0.0
27	47	0.0
27	48	0.0
27	49	0.0
27	50	0.0
27	51	0.0
27	52	0.0
27	53	0.0
27	54	0.0
27	55	0.0
27	56	0.0
27	57	0.0
27	58	0.0
27	59	0.0
27	60	0.0
27	61	0.0
27	62	0.0
27	63	0.0
27	64	0.0
27	65	0.0
27	66	0.0
27	67	0.0
27	68	0.0
27	69	0.0
27	70	0.0
27	71	0.0
27	72	0.0
27	73	0.0
27	74	0.0
27	75	0.0
27	76	0.0
27	77	0.0
27	78	0.0
27	79	0.0
28	0	0.0
28	1	0.0
28	2	0.0
28	3	0.0
28	4	0.0
28	5	0.0
28	6	0.0
28	7	0.0
28	8	0.0
28	9	0.0
28	10	0.0
28	11	0.0
28	12	0.0
28	13	0.0
28	14	0.0
28	15	0.0
28	16	0.0
28	17	0.0
28	18	0.0
28	19	0.0
28	20	0.0
28	21	0.0
28	22	0.0
28	23	0.0
28	24	0.0
28	25	0.0
28	26	0.0
28	27	0.0
28	28	0.0
28	29	0.0
28	30	0.0
28	31	0.0
28	32	0.0
28	33	0.0
28	34	0.0
28	35	0.0
28	36	0.0
28	37	0.0
28	38	0.0
28	39	0.0
28	40	0.0
28	41	0.0
28	42	0.0
28	43	0.0
28	44	0.0
28	45	0.0
28	46	0.0
28	47	0.0
28	48	0.0
28	49	0.0
28	50	0.0
28	51	0.0
28	52	0.0
28	53	0.0
28	54	0.0
28	55	0.0
28	56	0.0
28	57	0.0
28	58	0.0
28	59	0.0
28	60	0.0
28	61	0.0
28	62	0.0
28	63	0.0
28	64	0.0
28	65	0.0
28	66	0.0
28	67	0.0
28	68	0.0
28	69	0.0
28	70	0.0
28	71	0.0
28	72	0.0
28	73	0.0
28	74	0.0
28	75	0.0
28	76	0.0
28	77	0.0
28	78	0.0
28	79	0.0
29	0	0.0
29	1	0.0
29	2	0.0
29	3	0.0
29	4	0.0
29	5	0.0
29	6	0.0
29	7	0.0
29	8	0.0
29	9	0.0
29	10	0.0
29	11	0.0
29	12	0.0
29	13	0.0
29	14	0.0
29	15	0.0
29	16	0.0
29	17	0.0
29	18	0.0
29	19	0.0
29	20	0.0
29	21	0.0
29	22	0.0
29	23	0.0
29	24	0.0
29	25	0.0
29	26	0.0
29	27	0.0
29	28	0.0
29	29	0.0
29	30	0.0
29	31	0.0
29	32	0.0
29	33	0.0
29	34	0.0
29	35	0.0
29	36	0.0
29	37	0.0
29	38	0.0
29	39	0.0
29	40	0.0
29	41	0.0
29	42	0.0
29	43	0.0
29	44	0.0
29	45	0.0
29	46	0.0
29	47	0.0
29	48	0.0
29	49	0.0
29	50	0.0
29	51	0.0
29	52	0.0
29	53	0.0
29	54	0.0
29	55	0.0
29	56	0.0
29	57	0.0
29	58	0.0
29	59	0.0
29	60	0.0
29	61	0.0
29	62	0.0
29	63	0.0
29	64	0.0
29	65	0.0
29	66	0.0
29	67	0.0
29	68	0.0
29	69	0.0
29	70	0.0
29	71	0.0
29	72	0.0
29	73	0.0
29	74	0.0
29	75	0.0
29	76	0.0
29	77	0.0
29	78	0.0
29	79	0.0
30	0	0.0
30	1	0.0
30	2	0.0
30	3	0.0
30	4	0.0
30	5	0.0
30	6	0.0
30	7	0.0
30	8	0.0
30	9	0.0
30	10	0.0
30	11	0.0
30	12	0.0
30	13	0.0
30	14	0.0
30	15	0.0
30	16	0.0
30	17	0.0
30	18	0.0
30	19	0.0
30	20	0.0
30	21	0.0
30	22	0.0
30	23	0.0
30	24	0.0
30	25	0.0
30	26	0.0
30	27	0.0
30	28	0.0
30	29	0.0
30	30	0.0
30	31	0.0
30	32	0.0
30	33	0.0
30	34	0.0
30	35	0.0
30	36	0.0
30	37	0.0
30	38	0.0
30	39	0.0
30	40	0.0
30	41	0.0
30	42	0.0
30	43	0.0
30	44	0.0
30	45	0.0
30	46	0.0
30	47	0.0
30	48	0.0
30	49	0.0
30	50	0.0
30	51	0.0
30	52	0.0
30	53	0.0
30	54	0.0
30	55	0.0
30	56	0.0
30	57	0.0
30	58	0.0
30	59	0.0
30	60	0.0
30	61	0.0
30	62	0.0
30	63	0.0
30	64	0.0
30	65	0.0
30	66	0.0
30	67	0.0
30	68	0.0
30	69	0.0
30	70	0.0
30	71	0.0
30	72	0.0
30	73	0.0
30	74	0.0
30	75	0.0
30	76	0.0
30	77	0.0
30	78	0.0
30	79	0.0
31	0	0.0
31	1	0.0
31	2	0.0
31	3	0.0
31	4	0.0
31	5	0.0
31	6	0.0
31	7	0.0
31	8	0.0
31	9	0.0
31	10	0.0
31	11	0.0
31	12	0.0
31	13	0.0
31	14	0.0
31	15	0.0
31	16	0.0
31	17	0.0
31	18	0.0
31	19	0.0
31	20	0.0
31	21	0.0
31	22	0.0
31	23	0.0
31	24	0.0
31	25	0.0
31	26	0.0
31	27	0.0
31	28	0.0
31	29	0.0
31	30	0.0
31	31	0.0
31	32	0.0
31	33	0.0
31	34	0.0
31	35	0.0
31	36	0.0
31	37	0.0
31	38	0.0
31	39	0.0
31	40	0.0
31	41	0.0
31	42	0.0
31	43	0.0
31	44	0.0
31	45	0.0
31	46	0.0
31	47	0.0
31	48	0.0
31	49	0.0
31	50	0.0
31	51	0.0
31	52	0.0
31	53	0.0
31	54	0.0
31	55	0.0
31	56	0.0
31	57	0.0
31	58	0.0
31	59	0.0
31	60	0.0
31	61	0.0
31	62	0.0
31	63	0.0
31	64	0.0
31	65	0.0
31	66	0.0
31	67	0.0
31	68	0.0
31	69	0.0
31	70	0.0
31	71	0.0
31	72	0.0
31	73	0.0
31	74	0.0
31	75	0.0
31	76	0.0
31	77	0.0
31	78	0.0
31	79	0.0
32	0	0.0
32	1	0.0
32	2	0.0
32	3	0.0
32	4	0.0
32	5	0.0
32	6	0.0
32	7	0.0
32	8	0.0
32	9	0.0
32	10	0.0
32	11	0.0
32	12	0.0
32	13	0.0
32	14	0.0
32	15	0.0
32	16	0.0
32	17	0.0
32	18	0.0
32	19	0.0
32	20	0.0
32	21	0.0
32	22	0.0
32	23	0.0
32	24	0.0
32	25	0.0
32	26	0.0
32	27	0.0
32	28	0.0
32	29	0.0
32	30	0.0
32	31	0.0
32	32	0.0
32	33	0.0
32	34	0.0
32	35	0.0
32	36	0.0
32	37	0.0
32	38	0.0
32	39	0.0
32	40	0.0
32	41	0.0
32	42	0.0
32	43	0.0
32	44	0.0
32	45	0.0
32	46	0.0
32	47	0.0
32	48	0.0
32	49	0.0
32	50	0.0
32	51	0.0
32	52	0.0
32	53	0.0
32	54	0.0
32	55	0.0
32	56	0.0
32	57	0.0
32	58	0.0
32	59	0.0
32	60	0.0
32	61	0.0
32	62	0.0
32	63	0.0
32	64	0.0
32	65	0.0
32	66	0.0
32	67	0.0
32	68	0.0
32	69	0.0
32	70	0.0
32	71	0.0
32	72	0.0
32	73	0.0
32	74	0.0
32	75	0.0
32	76	0.0
32	77	0.0
32	78	0.0
32	79	0.0
33	0	0.0
33	1	0.0
33	2	0.0
33	3	0.0
33	4	0.0
33	5	0.0
33	6	0.0
33	7	0.0
33	8	0.0
33	9	0.0
33	10	0.0
33	11	0.0
33	12	0.0
33	13	0.0
33	14	0.0
33	15	0.0
33	16	0.0
33	17	0.0
33	18	0.0
33	19	0.0
33	20	0.0
33	21	0.0
33	22	0.0
33	23	0.0
33	24	0.0
33	25	0.0
33	26	0.0
33	27	0.0
33	28	0.0
33	29	0.0
33	30	0.0
33	31	0.0
33	32	0.0
33	33	0.0
33	34	0.0
33	35	0.0
33	36	0.0
33	37	0.0
33	38	0.0
33	39	0.0
33	40	0.0
33	41	0.0
33	42	0.0
33	43	0.0
33	44	0.0
33	45	0.0
33	46	0.0
33	47	0.0
33	48	0.0
33	49	0.0
33	50	0.0
33	51	0.0
33	52	0.0
33	53	0.0
33	54	0.0
33	55	0.0
33	56	0.0
33	57	0.0
33	58	0.0
33	59	0.0
33	60	0.0
33	61	0.0
33	62	0.0
33	63	0.0
33	64	0.0
33	65	0.0
33	66	0.0
33	67	0.0
33	68	0.0
33	69	0.0
33	70	0.0
33	71	0.0
33	72	0.0
33	73	0.0
33	74	0.0
33	75	0.0
33	76	0.0
33	77	0.0
33	78	0.0
33	79	0.0
34	0	0.0
34	1	0.0
34	2	0.0
34	3	0.0
34	4	0.0
34	5	0.0
34	6	0.0
34	7	0.0
34	8	0.0
34	9	0.0
34	10	0.0
34	11	0.0
34	12	0.0
34	13	0.0
34	14	0.0
34	15	0.0
34	16	0.0
34	17	0.0
34	18	0.0
34	19	0.0
34	20	0.0
34	21	0.0
34	22	0.0
34	23	0.0
34	24	0.0
34	25	0.0
34	26	0.0
34	27	0.0
34	28	0.0
34	29	0.0
34	30	0.0
34	31	0.0
34	32	0.0
34	33	0.0
34	34	0.0
34	35	0.0
34	36	0.0
34	37	0.0
34	38	0.0
34	39	0.0
34	40	0.0
34	41	0.0
34	42	0.0
34	43	0.0
34	44	0.0
34	45	0.0
34	46	0.0
34	47	0.0
34	48	0.0
34	49	0.0
34	50	0.0
34	51	0.0
34	52	0.0
34	53	0.0
34	54	0.0
34	55	0.0
34	56	0.0
34	57	0.0
34	58	0.0
34	59	0.0
34	60	0.0
34	61	0.0
34	62	0.0
34	63	0.0
34	64	0.0
34	65	0.0
34	66	0.0
34	67	0.0
34	68	0.0
34	69	0.0
34	70	0.0
34	71	0.0
34	72	0.0
34	73	0.0
34	74	0.0
34	75	0.0
34	76	0.0
34	77	0.0
34	78	0.0
34	79	0.0
35	0	0.0
35	1	0.0
35	2	0.0
35	3	0.0
35	4	0.0
35	5	0.0
35	6	0.0
35	7	0.0
35	8	0.0
35	9	0.0
35	10	0.0
35	11	0.0
35	12	0.0
35	13	0.0
35	14	0.0
35	15	0.0
35	16	0.0
35	17	0.0
35	18	0.0
35	19	0.0
35	20	0.0
35	21	0.0
35	22	0.0
35	23	0.0
35	24	0.0
35	25	0.0
35	26	0.0
35	27	0.0
35	28	0.0
35	29	0.0
35	30	0.0
35	31	0.0
35	32	0.0
35	33	0.0
35	34	0.0
35	35	0.0
35	36	0.0
35	37	0.0
35	38	0.0
35	39	0.0
35	40	0.0
35	41	0.0
35	42	0.0
35	43	0.0
35	44	0.0
35	45	0.0
35	46	0.0
35	47	0.0
35	48	0.0
35	49	0.0
35	50	0.0
35	51	0.0
35	52	0.0
35	53	0.0
35	54	0.0
35	55	0.0
35	56	0.0
35	57	0.0
35	58	0.0
35	59	0.0
35	60	0.0
35	61	0.0
35	62	0.0
35	63	0.0
35	64	0.0
35	65	0.0
35	66	0.0
35	67	0.0
35	68	0.0
35	69	0.0
35	70	0.0
35	71	0.0
35	72	0.0
35	73	0.0
35	74	0.0
35	75	0.0
35	76	0.0
35	77	0.0
35	78	0.0
35	79	0.0
36	0	0.0
36	1	0.0
36	2	0.0
36	3	0.0
36	4	0.0
36	5	0.0
36	6	0.0
36	7	0.0
36	8	0.0
36	9	0.0
36	10	0.0
36	11	0.0
36	12	0.0
36	13	0.0
36	14	0.0
36	15	0.0
36	16	0.0
36	17	0.0
36	18	0.0
36	19	0.0
36	20	0.0
36	21	0.0
36	22	0.0
36	23	0.0
36	24	0.0
36	25	0.0
36	26	0.0
36	27	0.0
36	28	0.0
36	29	0.0
36	30	0.0
36	31	0.0
36	32	0.0
36	33	0.0
36	34	0.0
36	35	0.0
36	36	0.0
36	37	0.0
36	38	0.0
36	39	0.0
36	40	0.0
36	41	0.0
36	42	0.0
36	43	0.0
36	44	0.0
36	45	0.0
36	46	0.0
36	47	0.0
36	48	0.0
36	49	0.0
36	50	0.0
36	51	0.0
36	52	0.0
36	53	0.0
36	54	0.0
36	55	0.0
36	56	0.0
36	57	0.0
36	58	0.0
36	59	0.0
36	60	0.0
36	61	0.0
36	62	0.0
36	63	0.0
36	64	0.0
36	65	0.0
36	66	0.0
36	67	0.0
36	68	0.0
36	69	0.0
36	70	0.0
36	71	0.0
36	72	0.0
36	73	0.0
36	74	0.0
36	75	0.0
36	76	0.0
36	77	0.0
36	78	0.0
36	79	0.0
37	0	0.0
37	1	0.0
37	2	0.0
37	3	0.0
37	4	0.0
37	5	0.0
37	6	0.0
37	7	0.0
37	8	0.0
37	9	0.0
37	10	0.0
37	11	0.0
37	12	0.0
37	13	0.0
37	14	0.0
37	15	0.0
37	16	0.0
37	17	0.0
37	18	0.0
37	19	0.0
37	20	0.0
37	21	0.0
37	22	0.0
37	23	0.0
37	24	0.0
37	25	0.0
37	26	0.0
37	27	0.0
37	28	0.0
37	29	0.0
37	30	0.0
37	31	0.0
37	32	0.0
37	33	0.0
37	34	0.0
37	35	0.0
37	36	0.0
37	37	0.0
37	38	0.0
37	39	0.0
37	40	0.0
37	41	0.0
37	42	0.0
37	43	0.0
37	44	0.0
37	45	0.0
37	46	0.0
37	47	0.0
37	48	0.0
37	49	0.0
37	50	0.0
37	51	0.0
37	52	0.0
37	53	0.0
37	54	0.0
37	55	0.0
37	56	0.0
37	57	0.0
37	58	0.0
37	59	0.0
37	60	0.0
37	61	0.0
37	62	0.0
37	63	0.0
37	64	0.0
37	65	0.0
37	66	0.0
37	67	0.0
37	68	0.0
37	69	0.0
37	70	0.0
37	71	0.0
37	72	0.0
37	73	0.0
37	74	0.0
37	75	0.0
37	76	0.0
37	77	0.0
37	78	0.0
37	79	0.0
38	0	0.0
38	1	0.0
38	2	0.0
38	3	0.0
38	4	0.0
38	5	0.0
38	6	0.0
38	7	0.0
38	8	0.0
38	9	0.0
38	10	0.0
38	11	0.0
38	12	0.0
38	13	0.0
38	14	0.0
38	15	0.0
38	16	0.0
38	17	0.0
38	18	0.0
38	19	0.0
38	20	0.0
38	21	0.0
38	22	0.0
38	23	0.0
38	24	0.0
38	25	0.0
38	26	0.0
38	27	0.0
38	28	0.0
38	29	0.0
38	30	0.0
38	31	0.0
38	32	0.0
38	33	0.0
38	34	0.0
38	35	0.0
38	36	0.0
38	37	0.0
38	38	0.0
38	39	0.0
38	40	0.0
38	41	0.0
38	42	0.0
38	43	0.0
38	44	0.0
38	45	0.0
38	46	0.0
38	47	0.0
38	48	0.0
38	49	0.0
38	50	0.0
38	51	0.0
38	52	0.0
38	53	0.0
38	54	0.0
38	55	0.0
38	56	0.0
38	57	0.0
38	58	0.0
38	59	0.0
38	60	0.0
38	61	0.0
38	62	0.0
38	63	0.0
38	64	0.0
38	65	0.0
38	66	0.0
38	67	0.0
38	68	0.0
38	69	0.0
38	70	0.0
38	71	0.0
38	72	0.0
38	73	0.0
38	74	0.0
38	75	0.0
38	76	0.0
38	77	0.0
38	78	0.0
38	79	0.0
39	0	0.0
39	1	0.0
39	2	0.0
39	3	0.0
39	4	0.0
39	5	0.0
39	6	0.0
39	7	0.0
39	8	0.0
39	9	0.0
39	10	0.0
39	11	0.0
39	12	0.0
39	13	0.0
39	14	0.0
39	15	0.0
39	16	0.0
39	17	0.0
39	18	0.0
39	19	0.0
39	20	0.0
39	21	0.0
39	22	0.0
39	23	0.0
39	24	0.0
39	25	0.0
39	26	0.0
39	27	0.0
39	28	0.0
39	29	0.0
39	30	0.0
39	31	0.0
39	32	0.0
39	33	0.0
39	34	0.0
39	35	0.0
39	36	0.0
39	37	0.0
39	38	0.0
39	39	0.0
39	40	0.0
39	41	0.0
39	42	0.0
39	43	0.0
39	44	0.0
39	45	0.0
39	46	0.0
39	47	0.0
39	48	0.0
39	49	0.0
39	50	0.0
39	51	0.0
39	52	0.0
39	53	0.0
39	54	0.0
39	55	0.0
39	56	0.0
39	57	0.0
39	58	0.0
39	59	0.0
39	60	0.0
39	61	0.0
39	62	0.0
39	63	0.0
39	64	0.0
39	65	0.0
39	66	0.0
39	67	0.0
39	68	0.0
39	69	0.0
39	70	0.0
39	71	0.0
39	72	0.0
39	73	0.0
39	74	0.0
39	75	0.0
39	76	0.0
39	77	0.0
39	78	0.0
39	79	0.0
40	0	0.0
40	1	0.0
40	2	0.0
40	3	0.0
40	4	0.0
40	5	0.0
40	6	0.0
40	7	0.0
40	8	0.0
40	9	0.0
40	10	0.0
40	11	0.0
40	12	0.0
40	13	0.0
40	14	0.0
40	15	0.0
40	16	0.0
40	17	0.0
40	18	0.0
40	19	0.0
40	20	0.0
40	21	0.0
40	22	0.0
40	23	0.0
40	24	0.0
40	25	0.0
40	26	0.0
40	27	0.0
40	28	0.0
40	29	0.0
40	30	0.0
40	31	0.0
40	32	0.0
40	33	0.0
40	34	0.0
40	35	0.0
40	36	0.0
40	37	0.0
40	38	0.0
40	39	0.0
40	40	0.0
40	41	0.0
40	42	0.0
40	43	0.0
40	44	0.0
40	45	0.0
40	46	0.0
40	47	0.0
40	48	0.0
40	49	0.0
40	50	0.0
40	51	0.0
40	52	0.0
40	53	0.0
40	54	0.0
40	55	0.0
40	56	0.0
40	57	0.0
40	58	0.0
40	59	0.0
40	60	0.0
40	61	0.0
40	62	0.0
40	63	0.0
40	64	0.0
40	65	0.0
40	66	0.0
40	67	0.0
40	68	0.0
40	69	0.0
40	70	0.0
40	71	0.0
40	72	0.0
40	73	0.0
40	74	0.0
40	75	0.0
40	76	0.0
40	77	0.0
40	78	0.0
40	79	0.0
41	0	0.0
41	1	0.0
41	2	0.0
41	3	0.0
41	4	0.0
41	5	0.0
41	6	0.0
41	7	0.0
41	8	0.0
41	9	0.0
41	10	0.0
41	11	0.0
41	12	0.0
41	13	0.0
41	14	0.0
41	15	0.0
41	16	0.0
41	17	0.0
41	18	0.0
41	19	0.0
41	20	0.0
41	21	0.0
41	22	0.0
41	23	0.0
41	24	0.0
41	25	0.0
41	26	0.0
41	27	0.0
41	28	0.0
41	29	0.0
41	30	0.0
41	31	0.0
41	32	0.0
41	33	0.0
41	34	0.0
41	35	0.0
41	36	0.0
41	37	0.0
41	38	0.0
41	39	0.0
41	40	0.0
41	41	0.2638505910992859
41	42	0.25098244592554686
41	43	0.2387418875975395
41	44	0.22709830834362166
41	45	0.21602259315078892
41	46	0.20548704696197684
41	47	0.19546532542399242
41	48	0.1859323690129091
41	49	0.17686434037220392
41	50	0.16823856470694992
41	51	0.16003347308501809
41	52	0.15222854850351225
41	53	0.14480427458557502
41	54	0.13774208677927988
41	55	0.1310243259365818
41	56	0.12463419415624868
41	57	0.11855571278035869
41	58	0.11277368243933254
41	59	0.10727364504559257
41	60	0.10204184764081291
41	61	0.09706520800636
41	62	0.09233128195093192
41	63	0.08782823219359812
41	64	0.08354479876443141
41	65	0.07947027084871806
41	66	0.07559446000434196
41	67	0.07190767468537244
41	68	0.06840069600815138
41	69	0.06506475469928212
41	70	0.06189150916787828
41	71	0.05887302464724151
41	72	0.05600175335381189
41	73	0.053270515613777415
41	74	0.05067248191014979
41	75	0.04820115580541463
41	76	0.04585035769705381
41	77	0.04361420936532038
41	78	0.04148711927462735
41	79	0.03946376859179625
42	0	0.0
42	1	0.0
42	2	0.0
42	3	0.0
42	4	0.0
42	5	0.0
42	6	0.0
42	7	0.0
42	8	0.0
42	9	0.0
42	10	0.0
42	11	0.0
42	12	0.0
42	13	0.0
42	14	0.0
42	15	0.0
42	16	0.0
42	17	0.0
42	18	0.0
42	19	0.0
42	20	0.0
42	21	0.0
42	22	0.0
42	23	0.0
42	24	0.0
42	25	0.0
42	26	0.0
42	27	0.0
42	28	0.0
42	29	0.0
42	30	0.0
42	31	0.0
42	32	0.0
42	33	0.0
42	34	0.0
42	35	0.0
42	36	0.0
42	37	0.0
42	38	0.0
42	39	0.0
42	40	0.0
42	41	0.2509824459255468
42	42	0.2387418875975394
42	43	0.22709830834362157
42	44	0.21602259315078884
42	45	0.20548704696197675
42	46	0.19546532542399234
42	47	0.18593236901290902
42	48	0.17686434037220383
42	49	0.16823856470694984
42	50	0.16003347308501806
42	51	0.1522285485035122
42	52	0.14480427458557493
42	53	0.13774208677927985
42	54	0.13102432593658175
42	55	0.12463419415624863
42	56	0.11855571278035865
42	57	0.1127736824393325
42	58	0.10727364504559253
42	59	0.10204184764081285
42	60	0.09706520800635995
42	61	0.09233128195093188
42	62	0.08782823219359809
42	63	0.08354479876443138
42	64	0.07947027084871802
42	65	0.07559446000434193
42	66	0.07190767468537242
42	67	0.06840069600815137
42	68	0.06506475469928209
42	69	0.06189150916787824
42	70	0.05887302464724149
42	71	0.05600175335381188
42	72	0.053270515613777394
42	73	0.05067248191014977
42	74	0.048201155805414606
42	75	0.0458503576970538
42	76	0.043614209365320365
42	77	0.04148711927462734
42	78	0.03946376859179624
42	79	0.03753909788620369
43	0	0.0
43	1	0.0
43	2	0.0
43	3	0.0
43	4	0.0
43	5	0.0
43	6	0.0
43	7	0.0
43	8	0.0
43	9	0.0
43	10	0.0
43	11	0.0
43	12	0.0
43	13	0.0
43	14	0.0
43	15	0.0
43	16	0.0
43	17	0.0
43	18	0.0
43	19	0.0
43	20	0.0
43	21	0.0
43	22	0.0
43	23	0.0
43	24	0.0
43	25	0.0
43	26	0.0
43	27	0.0
43	28	0.0
43	29	0.0
43	30	0.0
43	31	0.0
43	32	0.0
43	33	0.0
43	34	0.0
43	35	0.0
43	36	0.0
43	37	0.0
43	38	0.0
43	39	0.0
43	40	0.0
43	41	0.2387418875975395
43	42	0.22709830834362155
43	43	0.21602259315078884
43	44	0.20548704696197675
43	45	0.19546532542399234
43	46	0.18593236901290902
43	47	0.17686434037220383
43	48	0.16823856470694987
43	49	0.16003347308501806
43	50	0.15222854850351222
43	51	0.14480427458557493
43	52	0.13774208677927982
43	53	0.13102432593658178
43	54	0.12463419415624864
43	55	0.11855571278035865
43	56	0.1127736824393325
43	57	0.10727364504559253
43	58	0.10204184764081287
43	59	0.09706520800635995
43	60	0.09233128195093189
43	61	0.0878282321935981
43	62	0.0835447987644314
43	63	0.07947027084871804
43	64	0.07559446000434192
43	65	0.07190767468537242
43	66	0.06840069600815137
43	67	0.06506475469928212
43	68	0.061891509167878236
43	69	0.058873024647241486
43	70	0.05600175335381188
43	71	0.0532705156137774
43	72	0.05067248191014977
43	73	0.04820115580541461
43	74	0.045850357697053784
43	75	0.043614209365320365
43	76	0.041487119274627345
43	77	0.03946376859179625
43	78	0.037539097886203694
43	79	0.035708294478569505
44	0	0.0
44	1	0.0
44	2	0.0
44	3	0.0
44	4	0.0
44	5	0.0
44	6	0.0
44	7	0.0
44	8	0.0
44	9	0.0
44	10	0.0
44	11	0.0
44	12	0.0
44	13	0.0
44	14	0.0
44	15	0.0
44	16	0.0
44	17	0.0
44	18	0.0
44	19	0.0
44	20	0.0
44	21	0.0
44	22	0.0
44	23	0.0
44	24	0.0
44	25	0.0
44	26	0.0
44	27	0.0
44	28	0.0
44	29	0.0
44	30	0.0
44	31	0.0
44	32	0.0
44	33	0.0
44	34	0.0
44	35	0.0
44	36	0.0
44	37	0.0
44	38	0.0
44	39	0.0
44	40	0.0
44	41	0.22709830834362166
44	42	0.21602259315078884
44	43	0.20548704696197675
44	44	0.19546532542399234
44	45	0.18593236901290902
44	46	0.17686434037220383
44	47	0.16823856470694984
44	48	0.16003347308501806
44	49	0.15222854850351222
44	50	0.14480427458557496
44	51	0.13774208677927982
44	52	0.13102432593658175
44	53	0.12463419415624866
44	54	0.11855571278035865
44	55	0.11277368243933249
44	56	0.10727364504559253
44	57	0.10204184764081285
44	58	0.09706520800635995
44	59	0.09233128195093188
44	60	0.0878282321935981
44	61	0.0835447987644314
44	62	0.07947027084871804
44	63	0.07559446000434192
44	64	0.0719076746853724
44	65	0.06840069600815137
44	66	0.0650647546992821
44	67	0.06189150916787825
44	68	0.05887302464724148
44	69	0.05600175335381187
44	70	0.0532705156137774
44	71	0.05067248191014977
44	72	0.048201155805414606
44	73	0.04585035769705379
44	74	0.04361420936532035
44	75	0.041487119274627345
44	76	0.03946376859179625
44	77	0.037539097886203694
44	78	0.035708294478569505
44	79	0.03396678040675169
45	0	0.0
45	1	0.0
45	2	0.0
45	3	0.0
45	4	0.0
45	5	0.0
45	6	0.0
45	7	0.0
45	8	0.0
45	9	0.0
45	10	0.0
45	11	0.0
45	12	0.0
45	13	0.0
45	14	0.0
45	15	0.0
45	16	0.0
45	17	0.0
45	18	0.0
45	19	0.0
45	20	0.0
45	21	0.0
45	22	0.0
45	23	0.0
45	24	0.0
45	25	0.0
45	26	0.0
45	27	0.0
45	28	0.0
45	29	0.0
45	30	0.0
45	31	0.0
45	32	0.0
45	33	0.0
45	34	0.0
45	35	0.0
45	36	0.0
45	37	0.0
45	38	0.0
45	39	0.0
45	40	0.0
45	41	0.21602259315078892
45	42	0.20548704696197675
45	43	0.19546532542399236
45	44	0.18593236901290905
45	45	0.17686434037220386
45	46	0.16823856470694987
45	47	0.16003347308501806
45	48	0.15222854850351225
45	49	0.14480427458557496
45	50	0.13774208677927985
45	51	0.13102432593658175
45	52	0.12463419415624864
45	53	0.11855571278035867
45	54	0.11277368243933251
45	55	0.10727364504559253
45	56	0.10204184764081287
45	57	0.09706520800635997
45	58	0.09233128195093189
45	59	0.0878282321935981
45	60	0.08354479876443141
45	61	0.07947027084871805
45	62	0.07559446000434193
45	63	0.07190767468537242
45	64	0.06840069600815135
45	65	0.06506475469928212
45	66	0.06189150916787826
45	67	0.0588730246472415
45	68	0.05600175335381187
45	69	0.0532705156137774
45	70	0.05067248191014979
45	71	0.04820115580541462
45	72	0.04585035769705379
45	73	0.043614209365320365
45	74	0.04148711927462734
45	75	0.039463768591796254
45	76	0.0375390978862037
45	77	0.03570829447856951
45	78	0.033966780406751704
45	79	0.03231020097845654
46	0	0.0
46	1	0.0
46	2	0.0
46	3	0.0
46	4	0.0
46	5	0.0
46	6	0.0
46	7	0.0
46	8	0.0
46	9	0.0
46	10	0.0
46	11	0.0
46	12	0.0
46	13	0.0
46	14	0.0
46	15	0.0
46	16	0.0
46	17	0.0
46	18	0.0
46	19	0.0
46	20	0.0
46	21	0.0
46	22	0.0
46	23	0.0
46	24	0.0
46	25	0.0
46	26	0.0
46	27	0.0
46	28	0.0
46	29	0.0
46	30	0.0
46	31	0.0
46	32	0.0
46	33	0.0
46	34	0.0
46	35	0.0
46	36	0.0
46	37	0.0
46	38	0.0
46	39	0.0
46	40	0.0
46	41	0.20548704696197684
46	42	0.19546532542399236
46	43	0.18593236901290905
46	44	0.17686434037220386
46	45	0.16823856470694987
46	46	0.16003347308501809
46	47	0.15222854850351222
46	48	0.144804274585575
46	49	0.13774208677927985
46	50	0.13102432593658178
46	51	0.12463419415624864
46	52	0.11855571278035866
46	53	0.11277368243933253
46	54	0.10727364504559254
46	55	0.10204184764081287
46	56	0.09706520800635997
46	57	0.09233128195093189
46	58	0.0878282321935981
46	59	0.08354479876443141
46	60	0.07947027084871805
46	61	0.07559446000434195
46	62	0.07190767468537243
46	63	0.06840069600815137
46	64	0.0650647546992821
46	65	0.06189150916787826
46	66	0.0588730246472415
46	67	0.056001753353811884
46	68	0.053270515613777394
46	69	0.05067248191014978
46	70	0.04820115580541462
46	71	0.0458503576970538
46	72	0.043614209365320365
46	73	0.041487119274627345
46	74	0.03946376859179624
46	75	0.0375390978862037
46	76	0.03570829447856952
46	77	0.033966780406751704
46	78	0.03231020097845655
46	79	0.030734413882239624
47	0	0.0
47	1	0.0
47	2	0.0
47	3	0.0
47	4	0.0
47	5	0.0
47	6	0.0
47	7	0.0
47	8	0.0
47	9	0.0
47	10	0.0
47	11	0.0
47	12	0.0
47	13	0.0
47	14	0.0
47	15	0.0
47	16	0.0
47	17	0.0
47	18	0.0
47	19	0.0
47	20	0.0
47	21	0.0
47	22	0.0
47	23	0.0
47	24	0.0
47	25	0.0
47	26	0.0
47	27	0.0
47	28	0.0
47	29	0.0
47	30	0.0
47	31	0.0
47	32	0.0
47	33	0.0
47	34	0.0
47	35	0.0
47	36	0.0
47	37	0.0
47	38	0.0
47	39	0.0
47	40	0.0
47	41	0.1954653254239924
47	42	0.18593236901290902
47	43	0.17686434037220383
47	44	0.16823856470694987
47	45	0.16003347308501806
47	46	0.15222854850351222
47	47	0.14480427458557496
47	48	0.13774208677927985
47	49	0.13102432593658178
47	50	0.12463419415624866
47	51	0.11855571278035865
47	52	0.1127736824393325
47	53	0.10727364504559254
47	54	0.10204184764081287
47	55	0.09706520800635995
47	56	0.09233128195093188
47	57	0.08782823219359809
47	58	0.0835447987644314
47	59	0.07947027084871805
47	60	0.07559446000434193
47	61	0.07190767468537242
47	62	0.06840069600815137
47	63	0.0650647546992821
47	64	0.061891509167878236
47	65	0.05887302464724149
47	66	0.05600175335381188
47	67	0.05327051561377741
47	68	0.050672481910149766
47	69	0.04820115580541461
47	70	0.0458503576970538
47	71	0.043614209365320365
47	72	0.04148711927462734
47	73	0.03946376859179624
47	74	0.03753909788620369
47	75	0.03570829447856951
47	76	0.033966780406751704
47	77	0.03231020097845655
47	78	0.030734413882239627
47	79	0.02923547882956955
48	0	0.0
48	1	0.0
48	2	0.0
48	3	0.0
48	4	0.0
48	5	0.0
48	6	0.0
48	7	0.0
48	8	0.0
48	9	0.0
48	10	0.0
48	11	0.0
48	12	0.0
48	13	0.0
48	14	0.0
48	15	0.0
48	16	0.0
48	17	0.0
48	18	0.0
48	19	0.0
48	20	0.0
48	21	0.0
48	22	0.0
48	23	0.0
48	24	0.0
48	25	0.0
48	26	0.0
48	27	0.0
48	28	0.0
48	29	0.0
48	30	0.0
48	31	0.0
48	32	0.0
48	33	0.0
48	34	0.0
48	35	0.0
48	36	0.0
48	37	0.0
48	38	0.0
48	39	0.0
48	40	0.0
48	41	0.1859323690129091
48	42	0.17686434037220383
48	43	0.16823856470694987
48	44	0.16003347308501806
48	45	0.15222854850351222
48	46	0.144804274585575
48	47	0.13774208677927985
48	48	0.13102432593658178
48	49	0.12463419415624866
48	50	0.11855571278035867
48	51	0.1127736824393325
48	52	0.10727364504559253
48	53	0.10204184764081288
48	54	0.09706520800635997
48	55	0.09233128195093188
48	56	0.0878282321935981
48	57	0.0835447987644314
48	58	0.07947027084871805
48	59	0.07559446000434193
48	60	0.07190767468537243
48	61	0.06840069600815138
48	62	0.06506475469928212
48	63	0.06189150916787825
48	64	0.058873024647241486
48	65	0.05600175335381188
48	66	0.05327051561377741
48	67	0.05067248191014979
48	68	0.048201155805414606
48	69	0.04585035769705379
48	70	0.043614209365320365
48	71	0.041487119274627345
48	72	0.03946376859179624
48	73	0.037539097886203694
48	74	0.035708294478569505
48	75	0.033966780406751704
48	76	0.03231020097845655
48	77	0.03073441388223963
48	78	0.029235478829569558
48	79	0.027809647702054255
49	0	0.0
49	1	0.0
49	2	0.0
49	3	0.0
49	4	0.0
49	5	0.0
49	6	0.0
49	7	0.0
49	8	0.0
49	9	0.0
49	10	0.0
49	11	0.0
49	12	0.0
49	13	0.0
49	14	0.0
49	15	0.0
49	16	0.0
49	17	0.0
49	18	0.0
49	19	0.0
49	20	0.0
49	21	0.0
49	22	0.0
49	23	0.0
49	24	0.0
49	25	0.0
49	26	0.0
49	27	0.0
49	28	0.0
49	29	0.0
49	30	0.0
49	31	0.0
49	32	0.0
49	33	0.0
49	34	0.0
49	35	0.0
49	36	0.0
49	37	0.0
49	38	0.0
49	39	0.0
49	40	0.0
49	41	0.17686434037220392
49	42	0.16823856470694984
49	43	0.16003347308501806
49	44	0.15222854850351222
49	45	0.14480427458557496
49	46	0.13774208677927985
49	47	0.13102432593658175
49	48	0.12463419415624866
49	49	0.11855571278035866
49	50	0.11277368243933251
49	51	0.10727364504559253
49	52	0.10204184764081285
49	53	0.09706520800635997
49	54	0.09233128195093188
49	55	0.08782823219359809
49	56	0.0835447987644314
49	57	0.07947027084871804
49	58	0.07559446000434193
49	59	0.07190767468537242
49	60	0.06840069600815137
49	61	0.0650647546992821
49	62	0.06189150916787825
49	63	0.058873024647241486
49	64	0.05600175335381186
49	65	0.0532705156137774
49	66	0.05067248191014978
49	67	0.04820115580541462
49	68	0.045850357697053784
49	69	0.04361420936532036
49	70	0.041487119274627345
49	71	0.03946376859179625
49	72	0.037539097886203694
49	73	0.035708294478569505
49	74	0.03396678040675169
49	75	0.03231020097845655
49	76	0.03073441388223963
49	77	0.029235478829569558
49	78	0.027809647702054255
49	79	0.02645335517919267
50	0	0.0
50	1	0.0
50	2	0.0
50	3	0.0
50	4	0.0
50	5	0.0
50	6	0.0
50	7	0.0
50	8	0.0
50	9	0.0
50	10	0.0
50	11	0.0
50	12	0.0
50	13	0.0
50	14	0.0
50	15	0.0
50	16	0.0
50	17	0.0
50	18	0.0
50	19	0.0
50	20	0.0
50	21	0.0
50	22	0.0
50	23	0.0
50	24	0.0
50	25	0.0
50	26	0.0
50	27	0.0
50	28	0.0
50	29	0.0
50	30	0.0
50	31	0.0
50	32	0.0
50	33	0.0
50	34	0.0
50	35	0.0
50	36	0.0
50	37	0.0
50	38	0.0
50	39	0.0
50	40	0.0
50	41	0.16823856470694992
50	42	0.16003347308501803
50	43	0.15222854850351222
50	44	0.14480427458557496
50	45	0.13774208677927985
50	46	0.13102432593658178
50	47	0.12463419415624864
50	48	0.11855571278035866
50	49	0.11277368243933251
50	50	0.10727364504559254
50	51	0.10204184764081285
50	52	0.09706520800635995
50	53	0.09233128195093189
50	54	0.0878282321935981
50	55	0.0835447987644314
50	56	0.07947027084871804
50	57	0.07559446000434193
50	58	0.07190767468537242
50	59	0.06840069600815137
50	60	0.06506475469928212
50	61	0.06189150916787825
50	62	0.05887302464724149
50	63	0.05600175335381187
50	64	0.05327051561377739
50	65	0.05067248191014978
50	66	0.04820115580541462
50	67	0.0458503576970538
50	68	0.04361420936532035
50	69	0.04148711927462734
50	70	0.03946376859179625
50	71	0.037539097886203694
50	72	0.035708294478569505
50	73	0.0339667804067517
50	74	0.03231020097845654
50	75	0.03073441388223963
50	76	0.029235478829569558
50	77	0.02780964770205426
50	78	0.026453355179192676
50	79	0.025163209823216424
51	0	0.0
51	1	0.0
51	2	0.0
51	3	0.0
51	4	0.0
51	5	0.0
51	6	0.0
51	7	0.0
51	8	0.0
51	9	0.0
51	10	0.0
51	11	0.0
51	12	0.0
51	13	0.0
51	14	0.0
51	15	0.0
51	16	0.0
51	17	0.0
51	18	0.0
51	19	0.0
51	20	0.0
51	21	0.0
51	22	0.0
51	23	0.0
51	24	0.0
51	25	0.0
51	26	0.0
51	27	0.0
51	28	0.0
51	29	0.0
51	30	0.0
51	31	0.0
51	32	0.0
51	33	0.0
51	34	0.0
51	35	0.0
51	36	0.0
51	37	0.0
51	38	0.0
51	39	0.0
51	40	0.0
51	41	0.16003347308501809
51	42	0.1522285485035122
51	43	0.14480427458557496
51	44	0.13774208677927982
51	45	0.13102432593658175
51	46	0.12463419415624866
51	47	0.11855571278035865
51	48	0.11277368243933251
51	49	0.10727364504559254
51	50	0.10204184764081287
51	51	0.09706520800635994
51	52	0.09233128195093188
51	53	0.0878282321935981
51	54	0.0835447987644314
51	55	0.07947027084871804
51	56	0.07559446000434193
51	57	0.07190767468537242
51	58	0.06840069600815137
51	59	0.0650647546992821
51	60	0.06189150916787825
51	61	0.05887302464724149
51	62	0.05600175335381188
51	63	0.053270515613777394
51	64	0.050672481910149766
51	65	0.04820115580541461
51	66	0.0458503576970538
51	67	0.043614209365320365
51	68	0.04148711927462733
51	69	0.03946376859179624
51	70	0.037539097886203694
51	71	0.03570829447856951
51	72	0.0339667804067517
51	73	0.03231020097845654
51	74	0.03073441388223962
51	75	0.029235478829569558
51	76	0.02780964770205426
51	77	0.026453355179192676
51	78	0.025163209823216428
51	79	0.023935985598728872
52	0	0.0
52	1	0.0
52	2	0.0
52	3	0.0
52	4	0.0
52	5	0.0
52	6	0.0
52	7	0.0
52	8	0.0
52	9	0.0
52	10	0.0
52	11	0.0
52	12	0.0
52	13	0.0
52	14	0.0
52	15	0.0
52	16	0.0
52	17	0.0
52	18	0.0
52	19	0.0
52	20	0.0
52	21	0.0
52	22	0.0
52	23	0.0
52	24	0.0
52	25	0.0
52	26	0.0
52	27	0.0
52	28	0.0
52	29	0.0
52	30	0.0
52	31	0.0
52	32	0.0
52	33	0.0
52	34	0.0
52	35	0.0
52	36	0.0
52	37	0.0
52	38	0.0
52	39	0.0
52	40	0.0
52	41	0.15222854850351225
52	42	0.14480427458557496
52	43	0.13774208677927982
52	44	0.13102432593658175
52	45	0.12463419415624864
52	46	0.11855571278035866
52	47	0.1127736824393325
52	48	0.10727364504559254
52	49	0.10204184764081287
52	50	0.09706520800635997
52	51	0.09233128195093188
52	52	0.08782823219359809
52	53	0.08354479876443141
52	54	0.07947027084871804
52	55	0.07559446000434193
52	56	0.07190767468537242
52	57	0.06840069600815137
52	58	0.0650647546992821
52	59	0.06189150916787825
52	60	0.05887302464724149
52	61	0.05600175335381188
52	62	0.0532705156137774
52	63	0.05067248191014977
52	64	0.048201155805414606
52	65	0.04585035769705379
52	66	0.043614209365320365
52	67	0.041487119274627345
52	68	0.03946376859179623
52	69	0.03753909788620369
52	70	0.03570829447856951
52	71	0.0339667804067517
52	72	0.03231020097845654
52	73	0.030734413882239624
52	74	0.02923547882956955
52	75	0.02780964770205426
52	76	0.026453355179192676
52	77	0.02516320982321643
52	78	0.02393598559872888
52	79	0.022768613805936245
53	0	0.0
53	1	0.0
53	2	0.0
53	3	0.0
53	4	0.0
53	5	0.0
53	6	0.0
53	7	0.0
53	8	0.0
53	9	0.0
53	10	0.0
53	11	0.0
53	12	0.0
53	13	0.0
53	14	0.0
53	15	0.0
53	16	0.0
53	17	0.0
53	18	0.0
53	19	0.0
53	20	0.0
53	21	0.0
53	22	0.0
53	23	0.0
53	24	0.0
53	25	0.0
53	26	0.0
53	27	0.0
53	28	0.0
53	29	0.0
53	30	0.0
53	31	0.0
53	32	0.0
53	33	0.0
53	34	0.0
53	35	0.0
53	36	0.0
53	37	0.0
53	38	0.0
53	39	0.0
53	40	0.0
53	41	0.14480427458557502
53	42	0.13774208677927985
53	43	0.13102432593658178
53	44	0.12463419415624867
53	45	0.11855571278035867
53	46	0.11277368243933253
53	47	0.10727364504559254
53	48	0.10204184764081288
53	49	0.09706520800635997
53	50	0.0923312819509319
53	51	0.0878282321935981
53	52	0.0835447987644314
53	53	0.07947027084871806
53	54	0.07559446000434195
53	55	0.07190767468537242
53	56	0.06840069600815138
53	57	0.06506475469928212
53	58	0.06189150916787826
53	59	0.0588730246472415
53	60	0.05600175335381189
53	61	0.05327051561377741
53	62	0.05067248191014979
53	63	0.04820115580541461
53	64	0.04585035769705379
53	65	0.04361420936532037
53	66	0.041487119274627345
53	67	0.039463768591796254
53	68	0.037539097886203694
53	69	0.03570829447856951
53	70	0.033966780406751704
53	71	0.03231020097845655
53	72	0.03073441388223963
53	73	0.029235478829569558
53	74	0.027809647702054255
53	75	0.02645335517919268
53	76	0.025163209823216435
53	77	0.023935985598728882
53	78	0.022768613805936252
53	79	0.021658175407299748
54	0	0.0
54	1	0.0
54	2	0.0
54	3	0.0
54	4	0.0
54	5	0.0
54	6	0.0
54	7	0.0
54	8	0.0
54	9	0.0
54	10	0.0
54	11	0.0
54	12	0.0
54	13	0.0
54	14	0.0
54	15	0.0
54	16	0.0
54	17	0.0
54	18	0.0
54	19	0.0
54	20	0.0
54	21	0.0
54	22	0.0
54	23	0.0
54	24	0.0
54	25	0.0
54	26	0.0
54	27	0.0
54	28	0.0
54	29	0.0
54	30	0.0
54	31	0.0
54	32	0.0
54	33	0.0
54	34	0.0
54	35	0.0
54	36	0.0
54	37	0.0
54	38	0.0
54	39	0.0
54	40	0.0
54	41	0.13774208677927988
54	42	0.13102432593658175
54	43	0.12463419415624866
54	44	0.11855571278035866
54	45	0.11277368243933251
54	46	0.10727364504559254
54	47	0.10204184764081287
54	48	0.09706520800635997
54	49	0.09233128195093189
54	50	0.0878282321935981
54	51	0.0835447987644314
54	52	0.07947027084871804
54	53	0.07559446000434195
54	54	0.07190767468537242
54	55	0.06840069600815137
54	56	0.0650647546992821
54	57	0.06189150916787825
54	58	0.05887302464724149
54	59	0.05600175335381188
54	60	0.05327051561377741
54	61	0.05067248191014978
54	62	0.04820115580541461
54	63	0.04585035769705379
54	64	0.04361420936532036
54	65	0.041487119274627345
54	66	0.03946376859179625
54	67	0.0375390978862037
54	68	0.035708294478569505
54	69	0.0339667804067517
54	70	0.03231020097845655
54	71	0.03073441388223963
54	72	0.029235478829569554
54	73	0.027809647702054255
54	74	0.02645335517919267
54	75	0.025163209823216435
54	76	0.02393598559872888
54	77	0.022768613805936252
54	78	0.02165817540729975
54	79	0.020601893728421257
55	0	0.0
55	1	0.0
55	2	0.0
55	3	0.0
55	4	0.0
55	5	0.0
55	6	0.0
55	7	0.0
55	8	0.0
55	9	0.0
55	10	0.0
55	11	0.0
55	12	0.0
55	13	0.0
55	14	0.0
55	15	0.0
55	16	0.0
55	17	0.0
55	18	0.0
55	19	0.0
55	20	0.0
55	21	0.0
55	22	0.0
55	23	0.0
55	24	0.0
55	25	0.0
55	26	0.0
55	27	0.0
55	28	0.0
55	29	0.0
55	30	0.0
55	31	0.0
55	32	0.0
55	33	0.0
55	34	0.0
55	35	0.0
55	36	0.0
55	37	0.0
55	38	0.0
55	39	0.0
55	40	0.0
55	41	0.1310243259365818
55	42	0.12463419415624863
55	43	0.11855571278035865
55	44	0.1127736824393325
55	45	0.10727364504559253
55	46	0.10204184764081287
55	47	0.09706520800635995
55	48	0.09233128195093188
55	49	0.08782823219359809
55	50	0.0835447987644314
55	51	0.07947027084871802
55	52	0.07559446000434192
55	53	0.07190767468537242
55	54	0.06840069600815137
55	55	0.0650647546992821
55	56	0.06189150916787824
55	57	0.058873024647241486
55	58	0.05600175335381188
55	59	0.0532705156137774
55	60	0.05067248191014978
55	61	0.04820115580541461
55	62	0.04585035769705379
55	63	0.04361420936532036
55	64	0.04148711927462733
55	65	0.03946376859179624
55	66	0.037539097886203694
55	67	0.03570829447856951
55	68	0.03396678040675169
55	69	0.03231020097845654
55	70	0.030734413882239627
55	71	0.029235478829569554
55	72	0.02780964770205425
55	73	0.026453355179192672
55	74	0.025163209823216424
55	75	0.02393598559872888
55	76	0.02276861380593625
55	77	0.02165817540729975
55	78	0.020601893728421257
55	79	0.01959712751491102
56	0	0.0
56	1	0.0
56	2	0.0
56	3	0.0
56	4	0.0
56	5	0.0
56	6	0.0
56	7	0.0
56	8	0.0
56	9	0.0
56	10	0.0
56	11	0.0
56	12	0.0
56	13	0.0
56	14	0.0
56	15	0.0
56	16	0.0
56	17	0.0
56	18	0.0
56	19	0.0
56	20	0.0
56	21	0.0
56	22	0.0
56	23	0.0
56	24	0.0
56	25	0.0
56	26	0.0
56	27	0.0
56	28	0.0
56	29	0.0
56	30	0.0
56	31	0.0
56	32	0.0
56	33	0.0
56	34	0.0
56	35	0.0
56	36	0.0
56	37	0.0
56	38	0.0
56	39	0.0
56	40	0.0
56	41	0.12463419415624868
56	42	0.11855571278035865
56	43	0.1127736824393325
56	44	0.10727364504559253
56	45	0.10204184764081285
56	46	0.09706520800635995
56	47	0.09233128195093188
56	48	0.0878282321935981
56	49	0.0835447987644314
56	50	0.07947027084871804
56	51	0.07559446000434192
56	52	0.0719076746853724
56	53	0.06840069600815137
56	54	0.0650647546992821
56	55	0.06189150916787824
56	56	0.058873024647241486
56	57	0.05600175335381187
56	58	0.0532705156137774
56	59	0.05067248191014977
56	60	0.04820115580541461
56	61	0.04585035769705379
56	62	0.04361420936532036
56	63	0.04148711927462733
56	64	0.03946376859179623
56	65	0.037539097886203694
56	66	0.03570829447856951
56	67	0.0339667804067517
56	68	0.032310200978456535
56	69	0.030734413882239624
56	70	0.029235478829569554
56	71	0.027809647702054255
56	72	0.026453355179192672
56	73	0.025163209823216428
56	74	0.023935985598728872
56	75	0.02276861380593625
56	76	0.02165817540729975
56	77	0.020601893728421257
56	78	0.019597127514911022
56	79	0.018641364327875914
57	0	0.0
57	1	0.0
57	2	0.0
57	3	0.0
57	4	0.0
57	5	0.0
57	6	0.0
57	7	0.0
57	8	0.0
57	9	0.0
57	10	0.0
57	11	0.0
57	12	0.0
57	13	0.0
57	14	0.0
57	15	0.0
57	16	0.0
57	17	0.0
57	18	0.0
57	19	0.0
57	20	0.0
57	21	0.0
57	22	0.0
57	23	0.0
57	24	0.0
57	25	0.0
57	26	0.0
57	27	0.0
57	28	0.0
57	29	0.0
57	30	0.0
57	31	0.0
57	32	0.0
57	33	0.0
57	34	0.0
57	35	0.0
57	36	0.0
57	37	0.0
57	38	0.0
57	39	0.0
57	40	0.0
57	41	0.11855571278035869
57	42	0.11277368243933249
57	43	0.10727364504559253
57	44	0.10204184764081285
57	45	0.09706520800635995
57	46	0.09233128195093188
57	47	0.08782823219359809
57	48	0.0835447987644314
57	49	0.07947027084871804
57	50	0.07559446000434193
57	51	0.0719076746853724
57	52	0.06840069600815135
57	53	0.0650647546992821
57	54	0.06189150916787824
57	55	0.058873024647241486
57	56	0.05600175335381187
57	57	0.053270515613777394
57	58	0.05067248191014977
57	59	0.04820115580541461
57	60	0.04585035769705379
57	61	0.04361420936532036
57	62	0.04148711927462734
57	63	0.03946376859179624
57	64	0.03753909788620368
57	65	0.035708294478569505
57	66	0.0339667804067517
57	67	0.03231020097845655
57	68	0.03073441388223962
57	69	0.02923547882956955
57	70	0.027809647702054255
57	71	0.026453355179192672
57	72	0.025163209823216428
57	73	0.023935985598728875
57	74	0.022768613805936245
57	75	0.02165817540729975
57	76	0.020601893728421257
57	77	0.019597127514911022
57	78	0.018641364327875918
57	79	0.017732214261513547
58	0	0.0
58	1	0.0
58	2	0.0
58	3	0.0
58	4	0.0
58	5	0.0
58	6	0.0
58	7	0.0
58	8	0.0
58	9	0.0
58	10	0.0
58	11	0.0
58	12	0.0
58	13	0.0
58	14	0.0
58	15	0.0
58	16	0.0
58	17	0.0
58	18	0.0
58	19	0.0
58	20	0.0
58	21	0.0
58	22	0.0
58	23	0.0
58	24	0.0
58	25	0.0
58	26	0.0
58	27	0.0
58	28	0.0
58	29	0.0
58	30	0.0
58	31	0.0
58	32	0.0
58	33	0.0
58	34	0.0
58	35	0.0
58	36	0.0
58	37	0.0
58	38	0.0
58	39	0.0
58	40	0.0
58	41	0.11277368243933254
58	42	0.10727364504559253
58	43	0.10204184764081285
58	44	0.09706520800635995
58	45	0.09233128195093188
58	46	0.0878282321935981
58	47	0.0835447987644314
58	48	0.07947027084871805
58	49	0.07559446000434193
58	50	0.07190767468537242
58	51	0.06840069600815135
58	52	0.0650647546992821
58	53	0.06189150916787825
58	54	0.05887302464724149
58	55	0.05600175335381187
58	56	0.053270515613777394
58	57	0.05067248191014977
58	58	0.04820115580541461
58	59	0.04585035769705379
58	60	0.043614209365320365
58	61	0.04148711927462734
58	62	0.03946376859179624
58	63	0.03753909788620369
58	64	0.0357082944785695
58	65	0.0339667804067517
58	66	0.03231020097845655
58	67	0.03073441388223963
58	68	0.02923547882956955
58	69	0.02780964770205425
58	70	0.026453355179192676
58	71	0.02516320982321643
58	72	0.023935985598728875
58	73	0.02276861380593625
58	74	0.021658175407299744
58	75	0.02060189372842126
58	76	0.019597127514911022
58	77	0.01864136432787592
58	78	0.01773221426151355
58	79	0.016867403967102883
59	0	0.0
59	1	0.0
59	2	0.0
59	3	0.0
59	4	0.0
59	5	0.0
59	6	0.0
59	7	0.0
59	8	0.0
59	9	0.0
59	10	0.0
59	11	0.0
59	12	0.0
59	13	0.0
59	14	0.0
59	15	0.0
59	16	0.0
59	17	0.0
59	18	0.0
59	19	0.0
59	20	0.0
59	21	0.0
59	22	0.0
59	23	0.0
59	24	0.0
59	25	0.0
59	26	0.0
59	27	0.0
59	28	0.0
59	29	0.0
59	30	0.0
59	31	0.0
59	32	0.0
59	33	0.0
59	34	0.0
59	35	0.0
59	36	0.0
59	37	0.0
59	38	0.0
59	39	0.0
59	40	0.0
59	41	0.10727364504559257
59	42	0.10204184764081287
59	43	0.09706520800635997
59	44	0.09233128195093189
59	45	0.0878282321935981
59	46	0.08354479876443141
59	47	0.07947027084871805
59	48	0.07559446000434195
59	49	0.07190767468537243
59	50	0.06840069600815138
59	51	0.0650647546992821
59	52	0.06189150916787825
59	53	0.0588730246472415
59	54	0.05600175335381188
59	55	0.0532705156137774
59	56	0.05067248191014978
59	57	0.04820115580541461
59	58	0.0458503576970538
59	59	0.043614209365320365
59	60	0.041487119274627345
59	61	0.03946376859179625
59	62	0.037539097886203694
59	63	0.035708294478569505
59	64	0.03396678040675169
59	65	0.03231020097845655
59	66	0.03073441388223963
59	67	0.02923547882956956
59	68	0.02780964770205425
59	69	0.026453355179192672
59	70	0.02516320982321643
59	71	0.02393598559872888
59	72	0.02276861380593625
59	73	0.02165817540729975
59	74	0.020601893728421257
59	75	0.019597127514911026
59	76	0.01864136432787592
59	77	0.017732214261513553
59	78	0.01686740396710289
59	79	0.01604477096844834
60	0	0.0
60	1	0.0
60	2	0.0
60	3	0.0
60	4	0.0
60	5	0.0
60	6	0.0
60	7	0.0
60	8	0.0
60	9	0.0
60	10	0.0
60	11	0.0
60	12	0.0
60	13	0.0
60	14	0.0
60	15	0.0
60	16	0.0
60	17	0.0
60	18	0.0
60	19	0.0
60	20	0.0
60	21	0.0
60	22	0.0
60	23	0.0
60	24	0.0
60	25	0.0
60	26	0.0
60	27	0.0
60	28	0.0
60	29	0.0
60	30	0.0
60	31	0.0
60	32	0.0
60	33	0.0
60	34	0.0
60	35	0.0
60	36	0.0
60	37	0.0
60	38	0.0
60	39	0.0
60	40	0.0
60	41	0.1020418476408129
60	42	0.09706520800635997
60	43	0.09233128195093189
60	44	0.0878282321935981
60	45	0.08354479876443141
60	46	0.07947027084871805
60	47	0.07559446000434195
60	48	0.07190767468537243
60	49	0.06840069600815138
60	50	0.06506475469928212
60	51	0.06189150916787825
60	52	0.05887302464724149
60	53	0.056001753353811884
60	54	0.05327051561377741
60	55	0.05067248191014978
60	56	0.04820115580541462
60	57	0.0458503576970538
60	58	0.043614209365320365
60	59	0.041487119274627345
60	60	0.03946376859179625
60	61	0.0375390978862037
60	62	0.03570829447856951
60	63	0.0339667804067517
60	64	0.03231020097845654
60	65	0.03073441388223963
60	66	0.02923547882956956
60	67	0.027809647702054262
60	68	0.026453355179192672
60	69	0.02516320982321643
60	70	0.023935985598728882
60	71	0.022768613805936252
60	72	0.02165817540729975
60	73	0.02060189372842126
60	74	0.019597127514911022
60	75	0.018641364327875925
60	76	0.017732214261513553
60	77	0.01686740396710289
60	78	0.016044770968448342
60	79	0.015262258254562878
61	0	0.0
61	1	0.0
61	2	0.0
61	3	0.0
61	4	0.0
61	5	0.0
61	6	0.0
61	7	0.0
61	8	0.0
61	9	0.0
61	10	0.0
61	11	0.0
61	12	0.0
61	13	0.0
61	14	0.0
61	15	0.0
61	16	0.0
61	17	0.0
61	18	0.0
61	19	0.0
61	20	0.0
61	21	0.0
61	22	0.0
61	23	0.0
61	24	0.0
61	25	0.0
61	26	0.0
61	27	0.0
61	28	0.0
61	29	0.0
61	30	0.0
61	31	0.0
61	32	0.0
61	33	0.0
61	34	0.0
61	35	0.0
61	36	0.0
61	37	0.0
61	38	0.0
61	39	0.0
61	40	0.0
61	41	0.09706520800635998
61	42	0.09233128195093188
61	43	0.0878282321935981
61	44	0.0835447987644314
61	45	0.07947027084871805
61	46	0.07559446000434195
61	47	0.07190767468537242
61	48	0.06840069600815138
61	49	0.06506475469928212
61	50	0.06189150916787826
61	51	0.058873024647241486
61	52	0.05600175335381188
61	53	0.05327051561377741
61	54	0.05067248191014978
61	55	0.04820115580541461
61	56	0.04585035769705379
61	57	0.043614209365320365
61	58	0.041487119274627345
61	59	0.03946376859179625
61	60	0.0375390978862037
61	61	0.03570829447856951
61	62	0.0339667804067517
61	63	0.03231020097845654
61	64	0.030734413882239624
61	65	0.029235478829569558
61	66	0.02780964770205426
61	67	0.02645335517919268
61	68	0.025163209823216424
61	69	0.023935985598728875
61	70	0.022768613805936252
61	71	0.02165817540729975
61	72	0.020601893728421257
61	73	0.019597127514911022
61	74	0.018641364327875918
61	75	0.017732214261513553
61	76	0.01686740396710289
61	77	0.016044770968448342
61	78	0.01526225825456288
61	79	0.014517909136069117
62	0	0.0
62	1	0.0
62	2	0.0
62	3	0.0
62	4	0.0
62	5	0.0
62	6	0.0
62	7	0.0
62	8	0.0
62	9	0.0
62	10	0.0
62	11	0.0
62	12	0.0
62	13	0.0
62	14	0.0
62	15	0.0
62	16	0.0
62	17	0.0
62	18	0.0
62	19	0.0
62	20	0.0
62	21	0.0
62	22	0.0
62	23	0.0
62	24	0.0
62	25	0.0
62	26	0.0
62	27	0.0
62	28	0.0
62	29	0.0
62	30	0.0
62	31	0.0
62	32	0.0
62	33	0.0
62	34	0.0
62	35	0.0
62	36	0.0
62	37	0.0
62	38	0.0
62	39	0.0
62	40	0.0
62	41	0.09233128195093192
62	42	0.08782823219359809
62	43	0.0835447987644314
62	44	0.07947027084871804
62	45	0.07559446000434193
62	46	0.07190767468537242
62	47	0.06840069600815137
62	48	0.06506475469928212
62	49	0.06189150916787825
62	50	0.05887302464724149
62	51	0.05600175335381187
62	52	0.053270515613777394
62	53	0.05067248191014978
62	54	0.04820115580541461
62	55	0.04585035769705379
62	56	0.04361420936532036
62	57	0.04148711927462734
62	58	0.03946376859179625
62	59	0.037539097886203694
62	60	0.03570829447856951
62	61	0.0339667804067517
62	62	0.03231020097845654
62	63	0.030734413882239624
62	64	0.02923547882956955
62	65	0.027809647702054255
62	66	0.026453355179192676
62	67	0.02516320982321643
62	68	0.023935985598728872
62	69	0.022768613805936245
62	70	0.02165817540729975
62	71	0.020601893728421257
62	72	0.019597127514911022
62	73	0.018641364327875918
62	74	0.017732214261513547
62	75	0.01686740396710289
62	76	0.016044770968448342
62	77	0.015262258254562878
62	78	0.014517909136069118
62	79	0.013809862352456683
63	0	0.0
63	1	0.0
63	2	0.0
63	3	0.0
63	4	0.0
63	5	0.0
63	6	0.0
63	7	0.0
63	8	0.0
63	9	0.0
63	10	0.0
63	11	0.0
63	12	0.0
63	13	0.0
63	14	0.0
63	15	0.0
63	16	0.0
63	17	0.0
63	18	0.0
63	19	0.0
63	20	0.0
63	21	0.0
63	22	0.0
63	23	0.0
63	24	0.0
63	25	0.0
63	26	0.0
63	27	0.0
63	28	0.0
63	29	0.0
63	30	0.0
63	31	0.0
63	32	0.0
63	33	0.0
63	34	0.0
63	35	0.0
63	36	0.0
63	37	0.0
63	38	0.0
63	39	0.0
63	40	0.0
63	41	0.08782823219359812
63	42	0.08354479876443138
63	43	0.07947027084871804
63	44	0.07559446000434192
63	45	0.07190767468537242
63	46	0.06840069600815137
63	47	0.0650647546992821
63	48	0.06189150916787824
63	49	0.058873024647241486
63	50	0.05600175335381187
63	51	0.05327051561377739
63	52	0.050672481910149766
63	53	0.04820115580541461
63	54	0.045850357697053784
63	55	0.04361420936532035
63	56	0.04148711927462733
63	57	0.03946376859179624
63	58	0.03753909788620369
63	59	0.035708294478569505
63	60	0.0339667804067517
63	61	0.03231020097845654
63	62	0.030734413882239624
63	63	0.02923547882956955
63	64	0.027809647702054248
63	65	0.026453355179192672
63	66	0.025163209823216428
63	67	0.023935985598728875
63	68	0.02276861380593624
63	69	0.021658175407299744
63	70	0.020601893728421257
63	71	0.01959712751491102
63	72	0.018641364327875914
63	73	0.017732214261513547
63	74	0.016867403967102883
63	75	0.01604477096844834
63	76	0.015262258254562878
63	77	0.014517909136069118
63	78	0.013809862352456685
63	79	0.013136347417961446
64	0	0.0
64	1	0.0
64	2	0.0
64	3	0.0
64	4	0.0
64	5	0.0
64	6	0.0
64	7	0.0
64	8	0.0
64	9	0.0
64	10	0.0
64	11	0.0
64	12	0.0
64	13	0.0
64	14	0.0
64	15	0.0
64	16	0.0
64	17	0.0
64	18	0.0
64	19	0.0
64	20	0.0
64	21	0.0
64	22	0.0
64	23	0.0
64	24	0.0
64	25	0.0
64	26	0.0
64	27	0.0
64	28	0.0
64	29	0.0
64	30	0.0
64	31	0.0
64	32	0.0
64	33	0.0
64	34	0.0
64	35	0.0
64	36	0.0
64	37	0.0
64	38	0.0
64	39	0.0
64	40	0.0
64	41	0.08354479876443141
64	42	0.07947027084871802
64	43	0.07559446000434192
64	44	0.0719076746853724
64	45	0.06840069600815135
64	46	0.06506475469928209
64	47	0.06189150916787823
64	48	0.05887302464724148
64	49	0.05600175335381186
64	50	0.05327051561377739
64	51	0.05067248191014976
64	52	0.0482011558054146
64	53	0.045850357697053784
64	54	0.04361420936532035
64	55	0.041487119274627324
64	56	0.03946376859179623
64	57	0.03753909788620368
64	58	0.0357082944785695
64	59	0.03396678040675169
64	60	0.03231020097845654
64	61	0.03073441388223962
64	62	0.029235478829569547
64	63	0.027809647702054248
64	64	0.026453355179192662
64	65	0.025163209823216424
64	66	0.023935985598728872
64	67	0.022768613805936245
64	68	0.02165817540729974
64	69	0.02060189372842125
64	70	0.01959712751491102
64	71	0.018641364327875914
64	72	0.017732214261513543
64	73	0.016867403967102883
64	74	0.016044770968448332
64	75	0.015262258254562877
64	76	0.014517909136069117
64	77	0.013809862352456683
64	78	0.013136347417961446
64	79	0.012495680194428906
65	0	0.0
65	1	0.0
65	2	0.0
65	3	0.0
65	4	0.0
65	5	0.0
65	6	0.0
65	7	0.0
65	8	0.0
65	9	0.0
65	10	0.0
65	11	0.0
65	12	0.0
65	13	0.0
65	14	0.0
65	15	0.0
65	16	0.0
65	17	0.0
65	18	0.0
65	19	0.0
65	20	0.0
65	21	0.0
65	22	0.0
65	23	0.0
65	24	0.0
65	25	0.0
65	26	0.0
65	27	0.0
65	28	0.0
65	29	0.0
65	30	0.0
65	31	0.0
65	32	0.0
65	33	0.0
65	34	0.0
65	35	0.0
65	36	0.0
65	37	0.0
65	38	0.0
65	39	0.0
65	40	0.0
65	41	0.07947027084871808
65	42	0.07559446000434193
65	43	0.07190767468537243
65	44	0.06840069600815138
65	45	0.06506475469928212
65	46	0.06189150916787826
65	47	0.0588730246472415
65	48	0.056001753353811884
65	49	0.05327051561377741
65	50	0.05067248191014979
65	51	0.04820115580541461
65	52	0.04585035769705379
65	53	0.04361420936532037
65	54	0.041487119274627345
65	55	0.03946376859179625
65	56	0.037539097886203694
65	57	0.03570829447856951
65	58	0.033966780406751704
65	59	0.03231020097845655
65	60	0.030734413882239634
65	61	0.02923547882956956
65	62	0.02780964770205426
65	63	0.026453355179192676
65	64	0.025163209823216428
65	65	0.023935985598728882
65	66	0.022768613805936252
65	67	0.021658175407299755
65	68	0.020601893728421257
65	69	0.019597127514911022
65	70	0.01864136432787592
65	71	0.017732214261513553
65	72	0.01686740396710289
65	73	0.016044770968448342
65	74	0.015262258254562877
65	75	0.014517909136069122
65	76	0.013809862352456688
65	77	0.013136347417961452
65	78	0.012495680194428913
65	79	0.011886258680091582
66	0	0.0
66	1	0.0
66	2	0.0
66	3	0.0
66	4	0.0
66	5	0.0
66	6	0.0
66	7	0.0
66	8	0.0
66	9	0.0
66	10	0.0
66	11	0.0
66	12	0.0
66	13	0.0
66	14	0.0
66	15	0.0
66	16	0.0
66	17	0.0
66	18	0.0
66	19	0.0
66	20	0.0
66	21	0.0
66	22	0.0
66	23	0.0
66	24	0.0
66	25	0.0
66	26	0.0
66	27	0.0
66	28	0.0
66	29	0.0
66	30	0.0
66	31	0.0
66	32	0.0
66	33	0.0
66	34	0.0
66	35	0.0
66	36	0.0
66	37	0.0
66	38	0.0
66	39	0.0
66	40	0.0
66	41	0.07559446000434196
66	42	0.07190767468537243
66	43	0.06840069600815138
66	44	0.06506475469928212
66	45	0.06189150916787826
66	46	0.058873024647241506
66	47	0.056001753353811884
66	48	0.053270515613777415
66	49	0.05067248191014979
66	50	0.04820115580541462
66	51	0.04585035769705379
66	52	0.043614209365320365
66	53	0.04148711927462735
66	54	0.03946376859179625
66	55	0.037539097886203694
66	56	0.03570829447856951
66	57	0.033966780406751704
66	58	0.03231020097845655
66	59	0.03073441388223963
66	60	0.02923547882956956
66	61	0.027809647702054262
66	62	0.026453355179192676
66	63	0.02516320982321643
66	64	0.023935985598728875
66	65	0.022768613805936252
66	66	0.021658175407299755
66	67	0.020601893728421264
66	68	0.019597127514911022
66	69	0.01864136432787592
66	70	0.017732214261513553
66	71	0.01686740396710289
66	72	0.016044770968448342
66	73	0.01526225825456288
66	74	0.014517909136069118
66	75	0.01380986235245669
66	76	0.013136347417961453
66	77	0.012495680194428913
66	78	0.011886258680091584
66	79	0.011306559003730132
67	0	0.0
67	1	0.0
67	2	0.0
67	3	0.0
67	4	0.0
67	5	0.0
67	6	0.0
67	7	0.0
67	8	0.0
67	9	0.0
67	10	0.0
67	11	0.0
67	12	0.0
67	13	0.0
67	14	0.0
67	15	0.0
67	16	0.0
67	17	0.0
67	18	0.0
67	19	0.0
67	20	0.0
67	21	0.0
67	22	0.0
67	23	0.0
67	24	0.0
67	25	0.0
67	26	0.0
67	27	0.0
67	28	0.0
67	29	0.0
67	30	0.0
67	31	0.0
67	32	0.0
67	33	0.0
67	34	0.0
67	35	0.0
67	36	0.0
67	37	0.0
67	38	0.0
67	39	0.0
67	40	0.0
67	41	0.07190767468537246
67	42	0.06840069600815138
67	43	0.06506475469928212
67	44	0.06189150916787826
67	45	0.0588730246472415
67	46	0.05600175335381189
67	47	0.05327051561377741
67	48	0.05067248191014979
67	49	0.04820115580541462
67	50	0.045850357697053805
67	51	0.043614209365320365
67	52	0.041487119274627345
67	53	0.039463768591796254
67	54	0.0375390978862037
67	55	0.03570829447856951
67	56	0.033966780406751704
67	57	0.03231020097845655
67	58	0.03073441388223963
67	59	0.02923547882956956
67	60	0.027809647702054262
67	61	0.02645335517919268
67	62	0.025163209823216435
67	63	0.02393598559872888
67	64	0.02276861380593625
67	65	0.021658175407299755
67	66	0.020601893728421264
67	67	0.019597127514911026
67	68	0.018641364327875918
67	69	0.01773221426151355
67	70	0.01686740396710289
67	71	0.016044770968448342
67	72	0.01526225825456288
67	73	0.01451790913606912
67	74	0.013809862352456686
67	75	0.013136347417961453
67	76	0.012495680194428913
67	77	0.011886258680091586
67	78	0.011306559003730135
67	79	0.01075513161420158
68	0	0.0
68	1	0.0
68	2	0.0
68	3	0.0
68	4	0.0
68	5	0.0
68	6	0.0
68	7	0.0
68	8	0.0
68	9	0.0
68	10	0.0
68	11	0.0
68	12	0.0
68	13	0.0
68	14	0.0
68	15	0.0
68	16	0.0
68	17	0.0
68	18	0.0
68	19	0.0
68	20	0.0
68	21	0.0
68	22	0.0
68	23	0.0
68	24	0.0
68	25	0.0
68	26	0.0
68	27	0.0
68	28	0.0
68	29	0.0
68	30	0.0
68	31	0.0
68	32	0.0
68	33	0.0
68	34	0.0
68	35	0.0
68	36	0.0
68	37	0.0
68	38	0.0
68	39	0.0
68	40	0.0
68	41	0.06840069600815138
68	42	0.06506475469928209
68	43	0.06189150916787824
68	44	0.058873024647241486
68	45	0.05600175335381187
68	46	0.053270515613777394
68	47	0.050672481910149766
68	48	0.04820115580541461
68	49	0.045850357697053784
68	50	0.04361420936532036
68	51	0.04148711927462733
68	52	0.03946376859179623
68	53	0.037539097886203694
68	54	0.035708294478569505
68	55	0.03396678040675169
68	56	0.03231020097845654
68	57	0.03073441388223962
68	58	0.02923547882956955
68	59	0.02780964770205425
68	60	0.026453355179192672
68	61	0.025163209823216428
68	62	0.023935985598728875
68	63	0.022768613805936245
68	64	0.02165817540729974
68	65	0.020601893728421253
68	66	0.01959712751491102
68	67	0.018641364327875918
68	68	0.017732214261513543
68	69	0.016867403967102883
68	70	0.01604477096844834
68	71	0.015262258254562877
68	72	0.014517909136069115
68	73	0.013809862352456683
68	74	0.013136347417961446
68	75	0.01249568019442891
68	76	0.011886258680091582
68	77	0.011306559003730132
68	78	0.01075513161420158
68	79	0.010230597655806401
69	0	0.0
69	1	0.0
69	2	0.0
69	3	0.0
69	4	0.0
69	5	0.0
69	6	0.0
69	7	0.0
69	8	0.0
69	9	0.0
69	10	0.0
69	11	0.0
69	12	0.0
69	13	0.0
69	14	0.0
69	15	0.0
69	16	0.0
69	17	0.0
69	18	0.0
69	19	0.0
69	20	0.0
69	21	0.0
69	22	0.0
69	23	0.0
69	24	0.0
69	25	0.0
69	26	0.0
69	27	0.0
69	28	0.0
69	29	0.0
69	30	0.0
69	31	0.0
69	32	0.0
69	33	0.0
69	34	0.0
69	35	0.0
69	36	0.0
69	37	0.0
69	38	0.0
69	39	0.0
69	40	0.0
69	41	0.06506475469928212
69	42	0.06189150916787824
69	43	0.058873024647241486
69	44	0.05600175335381187
69	45	0.0532705156137774
69	46	0.05067248191014977
69	47	0.04820115580541461
69	48	0.04585035769705379
69	49	0.04361420936532036
69	50	0.04148711927462734
69	51	0.03946376859179623
69	52	0.03753909788620369
69	53	0.03570829447856951
69	54	0.0339667804067517
69	55	0.03231020097845654
69	56	0.030734413882239624
69	57	0.02923547882956955
69	58	0.027809647702054255
69	59	0.026453355179192672
69	60	0.025163209823216428
69	61	0.023935985598728875
69	62	0.02276861380593625
69	63	0.021658175407299744
69	64	0.020601893728421253
69	65	0.019597127514911022
69	66	0.018641364327875918
69	67	0.01773221426151355
69	68	0.016867403967102883
69	69	0.01604477096844834
69	70	0.015262258254562878
69	71	0.014517909136069118
69	72	0.013809862352456685
69	73	0.013136347417961448
69	74	0.012495680194428907
69	75	0.011886258680091582
69	76	0.011306559003730133
69	77	0.01075513161420158
69	78	0.010230597655806403
69	79	0.009731645520431077
70	0	0.0
70	1	0.0
70	2	0.0
70	3	0.0
70	4	0.0
70	5	0.0
70	6	0.0
70	7	0.0
70	8	0.0
70	9	0.0
70	10	0.0
70	11	0.0
70	12	0.0
70	13	0.0
70	14	0.0
70	15	0.0
70	16	0.0
70	17	0.0
70	18	0.0
70	19	0.0
70	20	0.0
70	21	0.0
70	22	0.0
70	23	0.0
70	24	0.0
70	25	0.0
70	26	0.0
70	27	0.0
70	28	0.0
70	29	0.0
70	30	0.0
70	31	0.0
70	32	0.0
70	33	0.0
70	34	0.0
70	35	0.0
70	36	0.0
70	37	0.0
70	38	0.0
70	39	0.0
70	40	0.0
70	41	0.06189150916787827
70	42	0.05887302464724149
70	43	0.05600175335381188
70	44	0.0532705156137774
70	45	0.05067248191014978
70	46	0.04820115580541462
70	47	0.0458503576970538
70	48	0.043614209365320365
70	49	0.041487119274627345
70	50	0.03946376859179625
70	51	0.037539097886203694
70	52	0.035708294478569505
70	53	0.033966780406751704
70	54	0.03231020097845655
70	55	0.030734413882239627
70	56	0.029235478829569554
70	57	0.02780964770205426
70	58	0.026453355179192676
70	59	0.02516320982321643
70	60	0.023935985598728882
70	61	0.022768613805936252
70	62	0.02165817540729975
70	63	0.020601893728421257
70	64	0.01959712751491102
70	65	0.01864136432787592
70	66	0.017732214261513553
70	67	0.01686740396710289
70	68	0.01604477096844834
70	69	0.015262258254562878
70	70	0.01451790913606912
70	71	0.013809862352456688
70	72	0.01313634741796145
70	73	0.01249568019442891
70	74	0.01188625868009158
70	75	0.011306559003730135
70	76	0.010755131614201581
70	77	0.010230597655806405
70	78	0.00973164552043108
70	79	0.009257027567844607
71	0	0.0
71	1	0.0
71	2	0.0
71	3	0.0
71	4	0.0
71	5	0.0
71	6	0.0
71	7	0.0
71	8	0.0
71	9	0.0
71	10	0.0
71	11	0.0
71	12	0.0
71	13	0.0
71	14	0.0
71	15	0.0
71	16	0.0
71	17	0.0
71	18	0.0
71	19	0.0
71	20	0.0
71	21	0.0
71	22	0.0
71	23	0.0
71	24	0.0
71	25	0.0
71	26	0.0
71	27	0.0
71	28	0.0
71	29	0.0
71	30	0.0
71	31	0.0
71	32	0.0
71	33	0.0
71	34	0.0
71	35	0.0
71	36	0.0
71	37	0.0
71	38	0.0
71	39	0.0
71	40	0.0
71	41	0.05887302464724151
71	42	0.05600175335381187
71	43	0.0532705156137774
71	44	0.05067248191014978
71	45	0.04820115580541461
71	46	0.0458503576970538
71	47	0.043614209365320365
71	48	0.041487119274627345
71	49	0.03946376859179625
71	50	0.037539097886203694
71	51	0.035708294478569505
71	52	0.0339667804067517
71	53	0.03231020097845655
71	54	0.030734413882239627
71	55	0.029235478829569554
71	56	0.027809647702054255
71	57	0.026453355179192672
71	58	0.02516320982321643
71	59	0.02393598559872888
71	60	0.022768613805936252
71	61	0.02165817540729975
71	62	0.020601893728421257
71	63	0.019597127514911022
71	64	0.018641364327875914
71	65	0.01773221426151355
71	66	0.01686740396710289
71	67	0.016044770968448342
71	68	0.015262258254562875
71	69	0.014517909136069118
71	70	0.013809862352456686
71	71	0.01313634741796145
71	72	0.012495680194428909
71	73	0.011886258680091582
71	74	0.011306559003730132
71	75	0.010755131614201581
71	76	0.010230597655806405
71	77	0.00973164552043108
71	78	0.009257027567844607
71	79	0.008805557005948069
72	0	0.0
72	1	0.0
72	2	0.0
72	3	0.0
72	4	0.0
72	5	0.0
72	6	0.0
72	7	0.0
72	8	0.0
72	9	0.0
72	10	0.0
72	11	0.0
72	12	0.0
72	13	0.0
72	14	0.0
72	15	0.0
72	16	0.0
72	17	0.0
72	18	0.0
72	19	0.0
72	20	0.0
72	21	0.0
72	22	0.0
72	23	0.0
72	24	0.0
72	25	0.0
72	26	0.0
72	27	0.0
72	28	0.0
72	29	0.0
72	30	0.0
72	31	0.0
72	32	0.0
72	33	0.0
72	34	0.0
72	35	0.0
72	36	0.0
72	37	0.0
72	38	0.0
72	39	0.0
72	40	0.0
72	41	0.05600175335381189
72	42	0.0532705156137774
72	43	0.05067248191014978
72	44	0.04820115580541461
72	45	0.04585035769705379
72	46	0.043614209365320365
72	47	0.04148711927462734
72	48	0.03946376859179625
72	49	0.037539097886203694
72	50	0.03570829447856951
72	51	0.0339667804067517
72	52	0.03231020097845654
72	53	0.03073441388223963
72	54	0.029235478829569558
72	55	0.027809647702054255
72	56	0.026453355179192672
72	57	0.025163209823216428
72	58	0.02393598559872888
72	59	0.02276861380593625
72	60	0.02165817540729975
72	61	0.02060189372842126
72	62	0.019597127514911022
72	63	0.018641364327875918
72	64	0.017732214261513547
72	65	0.016867403967102887
72	66	0.016044770968448342
72	67	0.01526225825456288
72	68	0.014517909136069117
72	69	0.013809862352456685
72	70	0.013136347417961452
72	71	0.01249568019442891
72	72	0.011886258680091582
72	73	0.011306559003730132
72	74	0.010755131614201578
72	75	0.010230597655806407
72	76	0.00973164552043108
72	77	0.00925702756784461
72	78	0.00880555700594807
72	79	0.008376104923176211
73	0	0.0
73	1	0.0
73	2	0.0
73	3	0.0
73	4	0.0
73	5	0.0
73	6	0.0
73	7	0.0
73	8	0.0
73	9	0.0
73	10	0.0
73	11	0.0
73	12	0.0
73	13	0.0
73	14	0.0
73	15	0.0
73	16	0.0
73	17	0.0
73	18	0.0
73	19	0.0
73	20	0.0
73	21	0.0
73	22	0.0
73	23	0.0
73	24	0.0
73	25	0.0
73	26	0.0
73	27	0.0
73	28	0.0
73	29	0.0
73	30	0.0
73	31	0.0
73	32	0.0
73	33	0.0
73	34	0.0
73	35	0.0
73	36	0.0
73	37	0.0
73	38	0.0
73	39	0.0
73	40	0.0
73	41	0.053270515613777415
73	42	0.05067248191014977
73	43	0.04820115580541461
73	44	0.04585035769705379
73	45	0.043614209365320365
73	46	0.041487119274627345
73	47	0.03946376859179624
73	48	0.037539097886203694
73	49	0.03570829447856951
73	50	0.0339667804067517
73	51	0.03231020097845654
73	52	0.030734413882239624
73	53	0.029235478829569558
73	54	0.027809647702054255
73	55	0.026453355179192672
73	56	0.025163209823216428
73	57	0.023935985598728875
73	58	0.02276861380593625
73	59	0.02165817540729975
73	60	0.02060189372842126
73	61	0.019597127514911022
73	62	0.018641364327875918
73	63	0.01773221426151355
73	64	0.016867403967102883
73	65	0.016044770968448342
73	66	0.01526225825456288
73	67	0.01451790913606912
73	68	0.013809862352456683
73	69	0.013136347417961448
73	70	0.01249568019442891
73	71	0.011886258680091582
73	72	0.011306559003730132
73	73	0.01075513161420158
73	74	0.010230597655806403
73	75	0.00973164552043108
73	76	0.00925702756784461
73	77	0.00880555700594807
73	78	0.008376104923176213
73	79	0.007967597465630506
74	0	0.0
74	1	0.0
74	2	0.0
74	3	0.0
74	4	0.0
74	5	0.0
74	6	0.0
74	7	0.0
74	8	0.0
74	9	0.0
74	10	0.0
74	11	0.0
74	12	0.0
74	13	0.0
74	14	0.0
74	15	0.0
74	16	0.0
74	17	0.0
74	18	0.0
74	19	0.0
74	20	0.0
74	21	0.0
74	22	0.0
74	23	0.0
74	24	0.0
74	25	0.0
74	26	0.0
74	27	0.0
74	28	0.0
74	29	0.0
74	30	0.0
74	31	0.0
74	32	0.0
74	33	0.0
74	34	0.0
74	35	0.0
74	36	0.0
74	37	0.0
74	38	0.0
74	39	0.0
74	40	0.0
74	41	0.05067248191014978
74	42	0.048201155805414606
74	43	0.045850357697053784
74	44	0.04361420936532036
74	45	0.04148711927462733
74	46	0.03946376859179624
74	47	0.03753909788620369
74	48	0.035708294478569505
74	49	0.0339667804067517
74	50	0.03231020097845654
74	51	0.03073441388223962
74	52	0.029235478829569547
74	53	0.027809647702054255
74	54	0.02645335517919267
74	55	0.025163209823216424
74	56	0.023935985598728872
74	57	0.022768613805936245
74	58	0.021658175407299748
74	59	0.020601893728421253
74	60	0.019597127514911022
74	61	0.018641364327875918
74	62	0.017732214261513547
74	63	0.016867403967102883
74	64	0.016044770968448335
74	65	0.015262258254562877
74	66	0.014517909136069117
74	67	0.013809862352456686
74	68	0.013136347417961446
74	69	0.012495680194428907
74	70	0.011886258680091582
74	71	0.011306559003730132
74	72	0.010755131614201578
74	73	0.010230597655806403
74	74	0.009731645520431077
74	75	0.009257027567844607
74	76	0.00880555700594807
74	77	0.008376104923176213
74	78	0.007967597465630506
74	79	0.007579013151885052
75	0	0.0
75	1	0.0
75	2	0.0
75	3	0.0
75	4	0.0
75	5	0.0
75	6	0.0
75	7	0.0
75	8	0.0
75	9	0.0
75	10	0.0
75	11	0.0
75	12	0.0
75	13	0.0
75	14	0.0
75	15	0.0
75	16	0.0
75	17	0.0
75	18	0.0
75	19	0.0
75	20	0.0
75	21	0.0
75	22	0.0
75	23	0.0
75	24	0.0
75	25	0.0
75	26	0.0
75	27	0.0
75	28	0.0
75	29	0.0
75	30	0.0
75	31	0.0
75	32	0.0
75	33	0.0
75	34	0.0
75	35	0.0
75	36	0.0
75	37	0.0
75	38	0.0
75	39	0.0
75	40	0.0
75	41	0.04820115580541463
75	42	0.0458503576970538
75	43	0.043614209365320365
75	44	0.041487119274627345
75	45	0.03946376859179625
75	46	0.0375390978862037
75	47	0.03570829447856951
75	48	0.033966780406751704
75	49	0.03231020097845655
75	50	0.03073441388223963
75	51	0.029235478829569554
75	52	0.02780964770205426
75	53	0.02645335517919268
75	54	0.02516320982321643
75	55	0.02393598559872888
75	56	0.022768613805936252
75	57	0.02165817540729975
75	58	0.02060189372842126
75	59	0.019597127514911026
75	60	0.01864136432787592
75	61	0.017732214261513553
75	62	0.01686740396710289
75	63	0.016044770968448342
75	64	0.015262258254562877
75	65	0.01451790913606912
75	66	0.013809862352456688
75	67	0.013136347417961453
75	68	0.012495680194428909
75	69	0.011886258680091582
75	70	0.011306559003730135
75	71	0.010755131614201581
75	72	0.010230597655806405
75	73	0.00973164552043108
75	74	0.009257027567844607
75	75	0.008805557005948072
75	76	0.008376104923176215
75	77	0.007967597465630508
75	78	0.007579013151885056
75	79	0.007209380318750963
76	0	0.0
76	1	0.0
76	2	0.0
76	3	0.0
76	4	0.0
76	5	0.0
76	6	0.0
76	7	0.0
76	8	0.0
76	9	0.0
76	10	0.0
76	11	0.0
76	12	0.0
76	13	0.0
76	14	0.0
76	15	0.0
76	16	0.0
76	17	0.0
76	18	0.0
76	19	0.0
76	20	0.0
76	21	0.0
76	22	0.0
76	23	0.0
76	24	0.0
76	25	0.0
76	26	0.0
76	27	0.0
76	28	0.0
76	29	0.0
76	30	0.0
76	31	0.0
76	32	0.0
76	33	0.0
76	34	0.0
76	35	0.0
76	36	0.0
76	37	0.0
76	38	0.0
76	39	0.0
76	40	0.0
76	41	0.04585035769705381
76	42	0.043614209365320365
76	43	0.041487119274627345
76	44	0.03946376859179625
76	45	0.037539097886203694
76	46	0.03570829447856951
76	47	0.0339667804067517
76	48	0.03231020097845655
76	49	0.03073441388223963
76	50	0.029235478829569558
76	51	0.027809647702054255
76	52	0.026453355179192672
76	53	0.02516320982321643
76	54	0.02393598559872888
76	55	0.02276861380593625
76	56	0.02165817540729975
76	57	0.020601893728421257
76	58	0.019597127514911022
76	59	0.01864136432787592
76	60	0.017732214261513553
76	61	0.01686740396710289
76	62	0.016044770968448342
76	63	0.015262258254562878
76	64	0.014517909136069117
76	65	0.013809862352456688
76	66	0.013136347417961452
76	67	0.012495680194428913
76	68	0.01188625868009158
76	69	0.011306559003730132
76	70	0.010755131614201581
76	71	0.010230597655806405
76	72	0.00973164552043108
76	73	0.009257027567844607
76	74	0.008805557005948069
76	75	0.008376104923176215
76	76	0.007967597465630508
76	77	0.007579013151885056
76	78	0.007209380318750964
76	79	0.0068577746916122515
77	0	0.0
77	1	0.0
77	2	0.0
77	3	0.0
77	4	0.0
77	5	0.0
77	6	0.0
77	7	0.0
77	8	0.0
77	9	0.0
77	10	0.0
77	11	0.0
77	12	0.0
77	13	0.0
77	14	0.0
77	15	0.0
77	16	0.0
77	17	0.0
77	18	0.0
77	19	0.0
77	20	0.0
77	21	0.0
77	22	0.0
77	23	0.0
77	24	0.0
77	25	0.0
77	26	0.0
77	27	0.0
77	28	0.0
77	29	0.0
77	30	0.0
77	31	0.0
77	32	0.0
77	33	0.0
77	34	0.0
77	35	0.0
77	36	0.0
77	37	0.0
77	38	0.0
77	39	0.0
77	40	0.0
77	41	0.04361420936532038
77	42	0.04148711927462734
77	43	0.03946376859179625
77	44	0.037539097886203694
77	45	0.03570829447856951
77	46	0.033966780406751704
77	47	0.03231020097845655
77	48	0.03073441388223963
77	49	0.029235478829569558
77	50	0.02780964770205426
77	51	0.026453355179192672
77	52	0.025163209823216428
77	53	0.02393598559872888
77	54	0.02276861380593625
77	55	0.021658175407299748
77	56	0.020601893728421257
77	57	0.019597127514911022
77	58	0.01864136432787592
77	59	0.01773221426151355
77	60	0.01686740396710289
77	61	0.016044770968448342
77	62	0.015262258254562878
77	63	0.014517909136069118
77	64	0.013809862352456683
77	65	0.01313634741796145
77	66	0.01249568019442891
77	67	0.011886258680091584
77	68	0.011306559003730132
77	69	0.01075513161420158
77	70	0.010230597655806405
77	71	0.00973164552043108
77	72	0.009257027567844607
77	73	0.00880555700594807
77	74	0.008376104923176211
77	75	0.007967597465630508
77	76	0.007579013151885055
77	77	0.007209380318750964
77	78	0.006857774691612252
77	79	0.006523317073257883
78	0	0.0
78	1	0.0
78	2	0.0
78	3	0.0
78	4	0.0
78	5	0.0
78	6	0.0
78	7	0.0
78	8	0.0
78	9	0.0
78	10	0.0
78	11	0.0
78	12	0.0
78	13	0.0
78	14	0.0
78	15	0.0
78	16	0.0
78	17	0.0
78	18	0.0
78	19	0.0
78	20	0.0
78	21	0.0
78	22	0.0
78	23	0.0
78	24	0.0
78	25	0.0
78	26	0.0
78	27	0.0
78	28	0.0
78	29	0.0
78	30	0.0
78	31	0.0
78	32	0.0
78	33	0.0
78	34	0.0
78	35	0.0
78	36	0.0
78	37	0.0
78	38	0.0
78	39	0.0
78	40	0.0
78	41	0.04148711927462736
78	42	0.03946376859179624
78	43	0.037539097886203694
78	44	0.035708294478569505
78	45	0.0339667804067517
78	46	0.03231020097845655
78	47	0.030734413882239624
78	48	0.029235478829569558
78	49	0.027809647702054255
78	50	0.026453355179192676
78	51	0.025163209823216424
78	52	0.023935985598728875
78	53	0.02276861380593625
78	54	0.021658175407299748
78	55	0.020601893728421257
78	56	0.01959712751491102
78	57	0.018641364327875918
78	58	0.01773221426151355
78	59	0.016867403967102887
78	60	0.016044770968448342
78	61	0.015262258254562878
78	62	0.014517909136069118
78	63	0.013809862352456685
78	64	0.013136347417961446
78	65	0.01249568019442891
78	66	0.011886258680091582
78	67	0.011306559003730133
78	68	0.010755131614201578
78	69	0.010230597655806403
78	70	0.00973164552043108
78	71	0.009257027567844607
78	72	0.008805557005948069
78	73	0.008376104923176213
78	74	0.007967597465630505
78	75	0.007579013151885055
78	76	0.007209380318750963
78	77	0.006857774691612252
78	78	0.006523317073257884
78	79	0.006205171145430778
79	0	0.0
79	1	0.0
79	2	0.0
79	3	0.0
79	4	0.0
79	5	0.0
79	6	0.0
79	7	0.0
79	8	0.0
79	9	0.0
79	10	0.0
79	11	0.0
79	12	0.0
79	13	0.0
79	14	0.0
79	15	0.0
79	16	0.0
79	17	0.0
79	18	0.0
79	19	0.0
79	20	0.0
79	21	0.0
79	22	0.0
79	23	0.0
79	24	0.0
79	25	0.0
79	26	0.0
79	27	0.0
79	28	0.0
79	29	0.0
79	30	0.0
79	31	0.0
79	32	0.0
79	33	0.0
79	34	0.0
79	35	0.0
79	36	0.0
79	37	0.0
79	38	0.0
79	39	0.0
79	40	0.0
79	41	0.039463768591796254
79	42	0.03753909788620369
79	43	0.035708294478569505
79	44	0.0339667804067517
79	45	0.03231020097845654
79	46	0.030734413882239627
79	47	0.029235478829569554
79	48	0.027809647702054255
79	49	0.026453355179192672
79	50	0.025163209823216428
79	51	0.023935985598728872
79	52	0.022768613805936245
79	53	0.02165817540729975
79	54	0.020601893728421257
79	55	0.01959712751491102
79	56	0.018641364327875918
79	57	0.01773221426151355
79	58	0.016867403967102887
79	59	0.01604477096844834
79	60	0.015262258254562878
79	61	0.014517909136069118
79	62	0.013809862352456685
79	63	0.013136347417961448
79	64	0.012495680194428907
79	65	0.011886258680091582
79	66	0.011306559003730133
79	67	0.010755131614201581
79	68	0.010230597655806401
79	69	0.009731645520431079
79	70	0.009257027567844607
79	71	0.00880555700594807
79	72	0.008376104923176213
79	73	0.007967597465630506
79	74	0.007579013151885052
79	75	0.007209380318750963
79	76	0.006857774691612252
79	77	0.006523317073257884
79	78	0.006205171145430779
79	79	0.0059025413775965554
